Order_ID,Order_Date,Customer_ID,Customer_Name,Gender,Age,City,State,Region,Product_ID,Product_Name,Category,Sub_Category,Unit_Price,Quantity,Discount_Percent,Discount_Amount,Sales,Profit,Payment_Method,Order_Status
10001,2025-04-25,CUST1016,Aarav Reddy,Male,23,Jaipur,Rajasthan,North,PROD114,Power Bank,Electronics,Accessories,2814.83,1,12,337.78,2477.05,342.68,Credit Card,Delivered
10002,2026-06-02,CUST1004,Meera Sharma,Female,28,Hyderabad,Telangana,South,PROD145,Power Bank,Electronics,Accessories,2723.44,2,12,653.63,4793.25,466.1,Net Banking,Delivered
10003,2025-12-15,CUST1236,Siddharth Kulkarni,Male,52,Delhi,Delhi,North,PROD108,Dumbbell Set,Sports,Fitness,1645.18,1,10,164.52,1480.66,253.76,Net Banking,Delivered
10004,2025-03-22,CUST1149,Isha Gupta,Female,23,Bhubaneswar,Odisha,East,PROD115,Kurti,Fashion,Women,1531.76,3,0,0.0,4595.28,1905.4,UPI,Delivered
10005,2026-01-25,CUST1037,Siddharth Verma,Male,56,Bhubaneswar,Odisha,East,PROD141,Skin Care Kit,Beauty,Personal Care,1736.51,1,10,173.65,1562.86,517.66,Credit Card,Delivered
10006,2026-07-01,CUST1029,Kunal Kulkarni,Male,32,Chennai,Tamil Nadu,South,PROD103,Office Chair,Furniture,Office Furniture,14142.0,1,5,707.1,13434.9,2386.32,Debit Card,Delivered
10007,2026-02-15,CUST1235,Siddharth Patel,Male,27,Delhi,Delhi,North,PROD117,Programming Book,Books,Education,1626.91,4,15,976.15,5531.49,1404.71,Credit Card,Delivered
10008,2025-09-10,CUST1253,Isha Jadhav,Female,23,Jaipur,Rajasthan,North,PROD149,Yoga Mat,Sports,Fitness,2026.3,2,5,202.63,3849.97,928.73,UPI,Delivered
10009,2025-04-23,CUST1284,Rohan Khan,Male,18,Nagpur,Maharashtra,West,PROD144,Dumbbell Set,Sports,Fitness,4062.76,2,12,975.06,7150.46,875.62,UPI,Delivered
10010,2026-07-04,CUST1260,Siddharth Khan,Male,24,Chandigarh,Punjab,North,PROD141,Smartphone,Electronics,Smartphones,20382.36,1,10,2038.24,18344.12,543.2,Debit Card,Delivered
10011,2026-06-04,CUST1166,Meera Singh,Female,49,Nagpur,Maharashtra,West,PROD102,Air Fryer,Home & Kitchen,Appliances,8545.34,3,11,2819.96,22816.06,2052.42,UPI,Delivered
10012,2026-01-07,CUST1273,Prathmesh Singh,Male,26,Pune,Maharashtra,West,PROD109,Power Bank,Electronics,Accessories,3362.07,3,12,1210.35,8875.86,0.0,Net Banking,Cancelled
10013,2026-07-17,CUST1160,Rahul Gupta,Male,43,Hyderabad,Telangana,South,PROD143,Skin Care Kit,Beauty,Personal Care,3400.22,2,22,1496.1,5304.34,1191.54,Debit Card,Delivered
10014,2026-03-25,CUST1031,Pooja Verma,Female,32,Mumbai,Maharashtra,West,PROD105,Power Bank,Electronics,Accessories,1779.02,1,5,88.95,1690.07,276.87,UPI,Delivered
10015,2025-12-05,CUST1243,Aditya Jadhav,Male,44,Delhi,Delhi,North,PROD113,Mixer Grinder,Home & Kitchen,Appliances,3442.57,2,10,688.51,6196.63,733.36,UPI,Delivered
10016,2025-04-10,CUST1056,Kavya Joshi,Female,33,Bengaluru,Karnataka,South,PROD113,Office Chair,Furniture,Office Furniture,11884.37,2,0,0.0,23768.74,6240.36,Credit Card,Delivered
10017,2026-07-04,CUST1282,Aditi Kulkarni,Female,24,Bengaluru,Karnataka,South,PROD104,Wireless Headphones,Electronics,Audio,4122.97,1,15,618.45,3504.52,474.5,Cash on Delivery,Delivered
10018,2025-01-16,CUST1200,Aditya Singh,Male,34,Nagpur,Maharashtra,West,PROD130,Office Chair,Furniture,Office Furniture,5958.09,2,0,0.0,11916.18,3041.52,Debit Card,Delivered
10019,2026-03-10,CUST1161,Isha Khan,Female,21,Patna,Bihar,East,PROD104,Study Table,Furniture,Living Room,8153.91,1,10,815.39,7338.52,866.75,Cash on Delivery,Delivered
10020,2026-05-04,CUST1207,Pooja Jadhav,Female,25,Nagpur,Maharashtra,West,PROD137,Laptop,Electronics,Laptops,49005.57,4,12,23522.67,172499.61,20422.48,Credit Card,Delivered
10021,2026-08-16,CUST1123,Meera Sharma,Female,34,Kolkata,West Bengal,East,PROD126,Smartphone,Electronics,Smartphones,42934.63,1,10,4293.46,38641.17,3665.51,Credit Card,Delivered
10022,2025-11-04,CUST1136,Aditi Joshi,Female,26,Mumbai,Maharashtra,West,PROD123,Laptop,Electronics,Laptops,94922.72,2,12,22781.45,167063.99,19704.7,UPI,Delivered
10023,2025-09-08,CUST1154,Priya Gupta,Female,60,Nagpur,Maharashtra,West,PROD107,Study Table,Furniture,Living Room,13849.56,3,10,4154.87,37393.81,6125.8,Credit Card,Delivered
10024,2025-09-28,CUST1136,Arjun Patel,Male,50,Patna,Bihar,East,PROD132,Casual Shirt,Fashion,Men,1050.81,1,10,105.08,945.73,291.17,Debit Card,Delivered
10025,2025-02-22,CUST1227,Aditya Khan,Male,53,Bengaluru,Karnataka,South,PROD146,Skin Care Kit,Beauty,Personal Care,709.93,1,22,156.18,553.75,128.92,Net Banking,Delivered
10026,2026-07-29,CUST1066,Aarav Patel,Male,20,Mumbai,Maharashtra,West,PROD120,Programming Book,Books,Education,608.68,2,10,121.74,1095.62,310.33,Debit Card,Delivered
10027,2025-02-10,CUST1122,Priya Singh,Female,28,Bhubaneswar,Odisha,East,PROD112,Power Bank,Electronics,Accessories,1819.56,2,12,436.69,3202.43,210.65,Net Banking,Delivered
10028,2025-01-26,CUST1056,Rahul Reddy,Male,42,Chandigarh,Punjab,North,PROD103,Dumbbell Set,Sports,Fitness,5050.73,4,12,2424.35,17778.57,2429.89,Net Banking,Delivered
10029,2025-08-16,CUST1036,Amit Verma,Male,35,Chandigarh,Punjab,North,PROD123,Mixer Grinder,Home & Kitchen,Appliances,7253.67,3,5,1088.05,20672.96,3684.37,Cash on Delivery,Delivered
10030,2026-02-14,CUST1177,Isha Joshi,Female,64,Pune,Maharashtra,West,PROD121,Smartphone,Electronics,Smartphones,25844.41,3,10,7753.32,69779.91,7603.94,Net Banking,Delivered
10031,2026-06-08,CUST1101,Arjun Deshmukh,Male,41,Kolkata,West Bengal,East,PROD128,Power Bank,Electronics,Accessories,2742.84,1,12,329.14,2413.7,215.44,UPI,Delivered
10032,2025-12-05,CUST1284,Meera Joshi,Female,26,Bhubaneswar,Odisha,East,PROD113,Skin Care Kit,Beauty,Personal Care,3220.13,1,15,483.02,2737.11,864.24,Net Banking,Delivered
10033,2026-01-24,CUST1165,Rahul Mehta,Male,47,Kolkata,West Bengal,East,PROD129,Mixer Grinder,Home & Kitchen,Appliances,7035.61,1,5,351.78,6683.83,1175.29,Net Banking,Delivered
10034,2025-08-07,CUST1121,Pooja Verma,Female,61,Patna,Bihar,East,PROD120,Wireless Headphones,Electronics,Audio,4479.76,2,15,1343.93,7615.59,1096.42,Credit Card,Delivered
10035,2025-07-23,CUST1295,Rohan Sharma,Male,30,Pune,Maharashtra,West,PROD146,Power Bank,Electronics,Accessories,2489.31,5,12,1493.59,10952.96,1185.03,Net Banking,Delivered
10036,2026-05-22,CUST1113,Sneha Singh,Female,29,Nagpur,Maharashtra,West,PROD145,Running Shoes,Fashion,Footwear,6441.83,2,16,2061.39,10822.27,1626.12,Cash on Delivery,Delivered
10037,2026-04-21,CUST1163,Vivaan Jadhav,Male,46,Delhi,Delhi,North,PROD140,Programming Book,Books,Education,1039.05,3,20,623.43,2493.72,0.0,Cash on Delivery,Cancelled
10038,2026-03-13,CUST1267,Isha Verma,Female,49,Nagpur,Maharashtra,West,PROD141,Yoga Mat,Sports,Fitness,1265.12,3,15,569.3,3226.06,527.9,Credit Card,Delivered
10039,2025-10-09,CUST1197,Aditi Patel,Female,62,Patna,Bihar,East,PROD110,Mixer Grinder,Home & Kitchen,Appliances,4147.92,1,10,414.79,3733.13,589.83,Credit Card,Delivered
10040,2025-03-07,CUST1011,Kavya Deshmukh,Female,54,Chandigarh,Punjab,North,PROD125,Casual Shirt,Fashion,Men,699.63,2,18,251.87,1147.39,260.56,Net Banking,Delivered
10041,2025-01-07,CUST1250,Priya Gupta,Female,32,Bengaluru,Karnataka,South,PROD118,Skin Care Kit,Beauty,Personal Care,3040.04,3,20,1824.02,7296.1,1758.43,Net Banking,Delivered
10042,2026-05-13,CUST1274,Aarav Deshmukh,Male,19,Chandigarh,Punjab,North,PROD126,Running Shoes,Fashion,Footwear,3902.45,2,15,1170.73,6634.17,0.0,Cash on Delivery,Cancelled
10043,2026-08-01,CUST1173,Aarav Patel,Male,42,Bhubaneswar,Odisha,East,PROD118,Office Chair,Furniture,Office Furniture,8809.53,1,10,880.95,7928.58,1266.99,Net Banking,Delivered
10044,2025-09-16,CUST1016,Aditya Verma,Male,33,Pune,Maharashtra,West,PROD113,Yoga Mat,Sports,Fitness,2199.84,2,0,0.0,4399.68,1288.15,UPI,Delivered
10045,2025-06-06,CUST1059,Kunal Kulkarni,Male,28,Chennai,Tamil Nadu,South,PROD120,Running Shoes,Fashion,Footwear,6728.34,1,10,672.83,6055.51,1303.19,UPI,Delivered
10046,2026-08-16,CUST1125,Aarav Gupta,Male,24,Kolkata,West Bengal,East,PROD145,Running Shoes,Fashion,Footwear,3751.6,4,16,2401.02,12605.38,2543.67,Debit Card,Delivered
10047,2025-05-04,CUST1251,Riya Sharma,Female,24,Chandigarh,Punjab,North,PROD128,Casual Shirt,Fashion,Men,1192.91,1,10,119.29,1073.62,343.87,Debit Card,Delivered
10048,2026-04-16,CUST1138,Rohan Deshmukh,Male,38,Nagpur,Maharashtra,West,PROD116,Yoga Mat,Sports,Fitness,1605.78,2,15,481.73,2729.83,459.89,UPI,Delivered
10049,2025-10-13,CUST1133,Aditi Singh,Female,39,Chennai,Tamil Nadu,South,PROD118,Kurti,Fashion,Women,1571.68,2,10,314.34,2829.02,965.18,Cash on Delivery,Delivered
10050,2025-10-10,CUST1252,Isha Sharma,Female,46,Hyderabad,Telangana,South,PROD102,Power Bank,Electronics,Accessories,2772.19,1,5,138.61,2633.58,411.05,UPI,Delivered
10051,2025-10-29,CUST1181,Kunal Deshmukh,Male,62,Patna,Bihar,East,PROD130,Power Bank,Electronics,Accessories,2412.04,1,12,289.44,2122.6,-145.46,Debit Card,Returned
10052,2025-11-10,CUST1142,Siddharth Singh,Male,64,Mumbai,Maharashtra,West,PROD138,Yoga Mat,Sports,Fitness,703.24,1,5,35.16,668.08,196.86,Cash on Delivery,Delivered
10053,2025-10-17,CUST1284,Arjun Singh,Male,36,Jaipur,Rajasthan,North,PROD145,Power Bank,Electronics,Accessories,1685.9,1,5,84.3,1601.6,0.0,Credit Card,Cancelled
10054,2026-05-18,CUST1059,Arjun Sharma,Male,22,Kolkata,West Bengal,East,PROD126,Mixer Grinder,Home & Kitchen,Appliances,4754.72,2,0,0.0,9509.44,2185.47,Net Banking,Delivered
10055,2025-03-17,CUST1286,Riya Khan,Female,44,Bhubaneswar,Odisha,East,PROD139,Laptop,Electronics,Laptops,85557.1,1,12,10266.85,75290.25,8805.0,Cash on Delivery,Delivered
10056,2025-08-20,CUST1051,Pooja Deshmukh,Female,31,Chennai,Tamil Nadu,South,PROD141,Programming Book,Books,Education,1604.23,1,20,320.85,1283.38,274.54,Credit Card,Delivered
10057,2025-09-28,CUST1148,Aditya Kulkarni,Male,63,Delhi,Delhi,North,PROD119,Wireless Headphones,Electronics,Audio,3143.59,2,15,943.08,5344.1,712.21,Net Banking,Delivered
10058,2025-03-14,CUST1137,Kunal Gupta,Male,27,Bhubaneswar,Odisha,East,PROD105,Kurti,Fashion,Women,2847.44,2,20,1138.98,4555.9,1165.49,UPI,Delivered
10059,2025-06-19,CUST1257,Prathmesh Mehta,Male,52,Patna,Bihar,East,PROD132,Skin Care Kit,Beauty,Personal Care,1508.11,2,10,301.62,2714.6,899.48,Net Banking,Delivered
10060,2025-03-24,CUST1138,Meera Sharma,Female,54,Bengaluru,Karnataka,South,PROD103,Yoga Mat,Sports,Fitness,925.63,1,15,138.84,786.79,143.49,Credit Card,Delivered
10061,2026-04-27,CUST1210,Pooja Khan,Female,39,Chennai,Tamil Nadu,South,PROD121,Programming Book,Books,Education,1795.72,1,15,269.36,1526.36,327.38,UPI,Delivered
10062,2025-06-14,CUST1162,Ananya Deshmukh,Female,34,Patna,Bihar,East,PROD121,Study Table,Furniture,Living Room,17232.71,1,10,1723.27,15509.44,1867.91,UPI,Delivered
10063,2026-02-18,CUST1227,Pooja Sharma,Female,21,Bhubaneswar,Odisha,East,PROD114,Skin Care Kit,Beauty,Personal Care,1857.09,2,10,371.42,3342.76,1123.08,Debit Card,Delivered
10064,2026-07-17,CUST1082,Rohan Gupta,Male,37,Chennai,Tamil Nadu,South,PROD136,Programming Book,Books,Education,570.0,2,20,228.0,912.0,174.85,UPI,Delivered
10065,2026-07-20,CUST1261,Kavya Patel,Female,63,Delhi,Delhi,North,PROD118,Skin Care Kit,Beauty,Personal Care,1992.05,4,5,398.41,7569.79,2861.28,Net Banking,Delivered
10066,2026-05-10,CUST1213,Neha Singh,Female,39,Chennai,Tamil Nadu,South,PROD133,Casual Shirt,Fashion,Men,904.98,1,5,45.25,859.73,261.04,Debit Card,Delivered
10067,2025-01-03,CUST1171,Prathmesh Reddy,Male,53,Jaipur,Rajasthan,North,PROD149,Skin Care Kit,Beauty,Personal Care,3496.93,2,5,349.69,6644.17,2530.99,Cash on Delivery,Delivered
10068,2026-01-22,CUST1243,Aditi Joshi,Female,63,Delhi,Delhi,North,PROD125,Yoga Mat,Sports,Fitness,1151.05,1,15,172.66,978.39,191.21,Net Banking,Delivered
10069,2025-06-05,CUST1008,Neha Sharma,Female,64,Nagpur,Maharashtra,West,PROD110,Casual Shirt,Fashion,Men,1131.19,4,15,678.71,3846.05,1055.03,Net Banking,Delivered
10070,2025-06-08,CUST1195,Aditya Verma,Male,38,Jaipur,Rajasthan,North,PROD141,Air Fryer,Home & Kitchen,Appliances,7481.12,2,10,1496.22,13466.02,991.96,Net Banking,Delivered
10071,2026-07-09,CUST1051,Vivaan Mehta,Male,58,Mumbai,Maharashtra,West,PROD146,Power Bank,Electronics,Accessories,3294.42,2,12,790.66,5798.18,489.11,UPI,Delivered
10072,2026-03-31,CUST1272,Rahul Reddy,Male,44,Jaipur,Rajasthan,North,PROD137,Programming Book,Books,Education,854.12,1,10,85.41,768.71,228.11,Credit Card,Delivered
10073,2025-06-24,CUST1131,Rahul Patel,Male,47,Kolkata,West Bengal,East,PROD117,Skin Care Kit,Beauty,Personal Care,2612.78,1,20,522.56,2090.22,596.42,UPI,Delivered
10074,2026-04-22,CUST1129,Prathmesh Khan,Male,47,Hyderabad,Telangana,South,PROD120,Wireless Headphones,Electronics,Audio,11424.97,1,15,1713.75,9711.22,1425.91,Credit Card,Delivered
10075,2026-01-29,CUST1203,Neha Patel,Female,35,Delhi,Delhi,North,PROD101,Office Chair,Furniture,Office Furniture,10110.34,2,10,2022.07,18198.61,0.0,Cash on Delivery,Cancelled
10076,2025-02-20,CUST1098,Meera Reddy,Female,57,Chennai,Tamil Nadu,South,PROD117,Skin Care Kit,Beauty,Personal Care,1501.34,4,22,1321.18,4684.18,1100.29,Credit Card,Delivered
10077,2025-04-10,CUST1103,Vivaan Gupta,Male,26,Chennai,Tamil Nadu,South,PROD135,Laptop,Electronics,Laptops,81617.99,2,10,16323.6,146912.38,17154.16,Debit Card,Delivered
10078,2026-06-28,CUST1059,Pooja Gupta,Female,47,Nagpur,Maharashtra,West,PROD105,Mixer Grinder,Home & Kitchen,Appliances,7676.29,4,10,3070.52,27634.64,3891.87,Credit Card,Delivered
10079,2025-08-20,CUST1135,Sneha Jadhav,Female,55,Chandigarh,Punjab,North,PROD125,Smartphone,Electronics,Smartphones,12737.69,3,10,3821.31,34391.76,2782.03,Debit Card,Delivered
10080,2025-04-21,CUST1238,Kunal Verma,Male,62,Pune,Maharashtra,West,PROD120,Kurti,Fashion,Women,1991.24,3,20,1194.74,4778.98,1223.71,Net Banking,Delivered
10081,2025-04-30,CUST1277,Rohan Sharma,Male,44,Pune,Maharashtra,West,PROD138,Mixer Grinder,Home & Kitchen,Appliances,2873.5,5,10,1436.75,12930.75,1986.05,Credit Card,Delivered
10082,2026-03-01,CUST1186,Arjun Verma,Male,24,Kolkata,West Bengal,East,PROD144,Office Chair,Furniture,Office Furniture,6717.01,4,5,1343.4,25524.64,4988.71,Debit Card,Delivered
10083,2026-07-12,CUST1011,Priya Sharma,Female,21,Bengaluru,Karnataka,South,PROD122,Mixer Grinder,Home & Kitchen,Appliances,2908.53,1,10,290.85,2617.68,335.24,Credit Card,Delivered
10084,2025-05-09,CUST1002,Riya Singh,Female,35,Mumbai,Maharashtra,West,PROD110,Skin Care Kit,Beauty,Personal Care,1280.04,3,5,192.01,3648.11,1414.15,Credit Card,Delivered
10085,2026-07-08,CUST1136,Siddharth Kulkarni,Male,21,Mumbai,Maharashtra,West,PROD109,Running Shoes,Fashion,Footwear,2485.38,3,5,372.81,7083.33,1900.58,Net Banking,Delivered
10086,2026-06-23,CUST1023,Arjun Reddy,Male,64,Mumbai,Maharashtra,West,PROD143,Study Table,Furniture,Living Room,9068.55,1,10,906.86,8161.69,1013.17,Cash on Delivery,Delivered
10087,2025-11-05,CUST1038,Aditi Khan,Female,23,Pune,Maharashtra,West,PROD121,Laptop,Electronics,Laptops,87364.93,5,0,0.0,436824.65,84315.09,Cash on Delivery,Delivered
10088,2025-06-01,CUST1221,Aditya Kulkarni,Male,24,Jaipur,Rajasthan,North,PROD145,Kurti,Fashion,Women,1961.22,2,20,784.49,3137.95,735.83,UPI,Delivered
10089,2026-07-19,CUST1161,Amit Deshmukh,Male,60,Chennai,Tamil Nadu,South,PROD117,Programming Book,Books,Education,874.5,1,15,131.18,743.32,171.67,Debit Card,Delivered
10090,2025-06-06,CUST1288,Neha Patel,Female,53,Mumbai,Maharashtra,West,PROD122,Skin Care Kit,Beauty,Personal Care,1909.25,1,10,190.93,1718.32,557.81,UPI,Delivered
10091,2026-02-25,CUST1109,Priya Khan,Female,27,Bengaluru,Karnataka,South,PROD143,Skin Care Kit,Beauty,Personal Care,844.05,4,10,337.62,3038.58,1070.29,Net Banking,Delivered
10092,2025-08-18,CUST1286,Arjun Joshi,Male,19,Hyderabad,Telangana,South,PROD139,Air Fryer,Home & Kitchen,Appliances,6589.26,1,11,724.82,5864.44,0.0,Debit Card,Cancelled
10093,2025-01-30,CUST1073,Rahul Gupta,Male,65,Patna,Bihar,East,PROD141,Dumbbell Set,Sports,Fitness,2831.16,1,5,141.56,2689.6,585.41,UPI,Delivered
10094,2025-04-04,CUST1044,Pooja Singh,Female,21,Bengaluru,Karnataka,South,PROD110,Office Chair,Furniture,Office Furniture,5310.21,2,10,1062.04,9558.38,1192.32,Credit Card,Delivered
10095,2025-02-20,CUST1221,Aditya Gupta,Male,25,Chennai,Tamil Nadu,South,PROD119,Running Shoes,Fashion,Footwear,4956.8,1,5,247.84,4708.96,1211.63,Cash on Delivery,Delivered
10096,2026-05-14,CUST1071,Pooja Khan,Female,34,Jaipur,Rajasthan,North,PROD119,Laptop,Electronics,Laptops,94222.28,1,5,4711.11,89511.17,14788.69,Debit Card,Delivered
10097,2025-05-03,CUST1182,Aarav Verma,Male,22,Patna,Bihar,East,PROD126,Office Chair,Furniture,Office Furniture,7872.39,1,10,787.24,7085.15,1004.34,UPI,Delivered
10098,2026-03-23,CUST1167,Aarav Verma,Male,28,Mumbai,Maharashtra,West,PROD140,Skin Care Kit,Beauty,Personal Care,1902.0,1,15,285.3,1616.7,514.24,Net Banking,Delivered
10099,2026-01-06,CUST1087,Aditya Deshmukh,Male,22,Mumbai,Maharashtra,West,PROD133,Power Bank,Electronics,Accessories,1941.17,1,10,194.12,1747.05,183.05,UPI,Delivered
10100,2026-06-28,CUST1102,Pooja Singh,Female,29,Chandigarh,Punjab,North,PROD139,Air Fryer,Home & Kitchen,Appliances,10642.11,2,11,2341.26,18942.96,2165.96,Credit Card,Delivered
10101,2025-03-19,CUST1166,Rahul Khan,Male,58,Chennai,Tamil Nadu,South,PROD121,Study Table,Furniture,Living Room,14638.28,3,10,4391.48,39523.36,0.0,Credit Card,Cancelled
10102,2026-03-27,CUST1020,Aditya Verma,Male,21,Chennai,Tamil Nadu,South,PROD124,Running Shoes,Fashion,Footwear,3228.3,1,16,516.53,2711.77,572.46,Debit Card,Delivered
10103,2025-03-20,CUST1293,Aditya Mehta,Male,59,Kolkata,West Bengal,East,PROD113,Casual Shirt,Fashion,Men,1528.53,1,18,275.14,1253.39,253.38,Debit Card,Delivered
10104,2026-05-03,CUST1127,Pooja Kulkarni,Female,63,Pune,Maharashtra,West,PROD129,Study Table,Furniture,Living Room,16587.78,1,0,0.0,16587.78,3511.18,Net Banking,Delivered
10105,2026-06-21,CUST1172,Pooja Mehta,Female,22,Nagpur,Maharashtra,West,PROD122,Air Fryer,Home & Kitchen,Appliances,6621.7,1,10,662.17,5959.53,523.76,UPI,Delivered
10106,2026-07-26,CUST1073,Sneha Gupta,Female,40,Jaipur,Rajasthan,North,PROD120,Yoga Mat,Sports,Fitness,2139.5,3,5,320.93,6097.57,1739.4,Net Banking,Delivered
10107,2025-05-13,CUST1270,Meera Reddy,Female,23,Mumbai,Maharashtra,West,PROD142,Mixer Grinder,Home & Kitchen,Appliances,5932.26,2,5,593.23,11271.29,1776.73,Net Banking,Delivered
10108,2026-06-05,CUST1071,Priya Sharma,Female,27,Chandigarh,Punjab,North,PROD105,Mixer Grinder,Home & Kitchen,Appliances,3442.32,1,10,344.23,3098.09,388.94,Debit Card,Delivered
10109,2025-04-14,CUST1079,Pooja Jadhav,Female,28,Patna,Bihar,East,PROD112,Programming Book,Books,Education,1326.7,2,20,530.68,2122.72,405.56,Cash on Delivery,Delivered
10110,2025-06-19,CUST1120,Aditi Sharma,Female,52,Bengaluru,Karnataka,South,PROD116,Air Fryer,Home & Kitchen,Appliances,6281.48,2,10,1256.3,11306.66,925.55,Debit Card,Delivered
10111,2026-04-26,CUST1083,Amit Joshi,Male,30,Bhubaneswar,Odisha,East,PROD139,Kurti,Fashion,Women,1761.86,5,15,1321.39,7487.91,2106.64,Credit Card,Delivered
10112,2025-09-14,CUST1083,Vivaan Khan,Male,35,Chennai,Tamil Nadu,South,PROD129,Skin Care Kit,Beauty,Personal Care,3316.02,1,20,663.2,2652.82,630.17,Cash on Delivery,Delivered
10113,2025-05-31,CUST1198,Kavya Patel,Female,23,Delhi,Delhi,North,PROD124,Skin Care Kit,Beauty,Personal Care,1678.84,2,0,0.0,3357.68,1392.07,Credit Card,Delivered
10114,2025-01-29,CUST1241,Ananya Patel,Female,46,Patna,Bihar,East,PROD140,Running Shoes,Fashion,Footwear,2559.46,1,15,383.92,2175.54,379.18,UPI,Delivered
10115,2025-03-23,CUST1155,Aarav Gupta,Male,25,Delhi,Delhi,North,PROD104,Skin Care Kit,Beauty,Personal Care,3332.63,1,15,499.89,2832.74,933.13,Credit Card,Delivered
10116,2026-03-06,CUST1150,Meera Verma,Female,45,Mumbai,Maharashtra,West,PROD101,Smartphone,Electronics,Smartphones,38490.95,3,10,11547.28,103925.57,6582.98,Cash on Delivery,Delivered
10117,2025-12-28,CUST1260,Kunal Mehta,Male,50,Bengaluru,Karnataka,South,PROD136,Wireless Headphones,Electronics,Audio,2398.95,2,15,719.68,4078.22,673.78,UPI,Delivered
10118,2026-02-04,CUST1054,Neha Sharma,Female,55,Bhubaneswar,Odisha,East,PROD148,Office Chair,Furniture,Office Furniture,6416.98,5,0,0.0,32084.9,7783.63,Debit Card,Delivered
10119,2025-05-17,CUST1094,Vivaan Joshi,Male,26,Hyderabad,Telangana,South,PROD105,Air Fryer,Home & Kitchen,Appliances,5813.17,3,11,1918.35,15521.16,1480.8,Net Banking,Delivered
10120,2025-02-07,CUST1279,Prathmesh Singh,Male,48,Pune,Maharashtra,West,PROD117,Dumbbell Set,Sports,Fitness,1401.15,1,12,168.14,1233.01,0.0,UPI,Cancelled
10121,2025-07-15,CUST1226,Prathmesh Joshi,Male,42,Pune,Maharashtra,West,PROD122,Skin Care Kit,Beauty,Personal Care,1465.01,2,22,644.6,2285.42,563.75,Credit Card,Delivered
10122,2026-05-24,CUST1151,Neha Joshi,Female,38,Hyderabad,Telangana,South,PROD107,Mixer Grinder,Home & Kitchen,Appliances,6417.07,3,10,1925.12,17326.09,1469.89,UPI,Delivered
10123,2025-12-02,CUST1181,Prathmesh Gupta,Male,57,Chennai,Tamil Nadu,South,PROD128,Kurti,Fashion,Women,1083.28,2,15,324.98,1841.58,573.79,Debit Card,Delivered
10124,2025-02-28,CUST1225,Aditya Khan,Male,20,Bhubaneswar,Odisha,East,PROD109,Office Chair,Furniture,Office Furniture,12712.6,1,0,0.0,12712.6,3264.3,UPI,Delivered
10125,2025-08-30,CUST1294,Priya Joshi,Female,26,Bengaluru,Karnataka,South,PROD134,Kurti,Fashion,Women,1052.91,1,10,105.29,947.62,312.13,Debit Card,Delivered
10126,2026-02-12,CUST1135,Ananya Khan,Female,34,Jaipur,Rajasthan,North,PROD146,Power Bank,Electronics,Accessories,967.37,4,12,464.34,3405.14,387.48,Net Banking,Delivered
10127,2025-08-08,CUST1228,Meera Gupta,Female,23,Patna,Bihar,East,PROD144,Programming Book,Books,Education,680.25,5,0,0.0,3401.25,1233.14,Debit Card,Delivered
10128,2025-12-22,CUST1063,Aditya Jadhav,Male,30,Hyderabad,Telangana,South,PROD109,Mixer Grinder,Home & Kitchen,Appliances,7137.9,3,5,1070.68,20343.02,3016.21,Credit Card,Delivered
10129,2026-05-21,CUST1204,Aarav Joshi,Male,63,Hyderabad,Telangana,South,PROD147,Kurti,Fashion,Women,2548.42,1,20,509.68,2038.74,427.78,Net Banking,Delivered
10130,2026-06-23,CUST1283,Kavya Deshmukh,Female,58,Kolkata,West Bengal,East,PROD138,Smartphone,Electronics,Smartphones,28802.47,1,10,2880.25,25922.22,1410.5,Credit Card,Delivered
10131,2025-05-13,CUST1266,Kavya Jadhav,Female,36,Pune,Maharashtra,West,PROD106,Skin Care Kit,Beauty,Personal Care,1128.44,1,10,112.84,1015.6,322.2,Debit Card,Delivered
10132,2025-07-21,CUST1088,Isha Gupta,Female,60,Nagpur,Maharashtra,West,PROD140,Running Shoes,Fashion,Footwear,4574.09,1,5,228.7,4345.39,1165.1,Cash on Delivery,Delivered
10133,2025-12-12,CUST1016,Riya Sharma,Female,49,Pune,Maharashtra,West,PROD141,Smartphone,Electronics,Smartphones,45997.05,1,5,2299.85,43697.2,4246.8,Cash on Delivery,Delivered
10134,2025-10-24,CUST1238,Prathmesh Verma,Male,31,Delhi,Delhi,North,PROD122,Dumbbell Set,Sports,Fitness,3149.24,3,0,0.0,9447.72,2686.27,Cash on Delivery,Delivered
10135,2025-05-28,CUST1124,Ananya Reddy,Female,47,Chandigarh,Punjab,North,PROD108,Yoga Mat,Sports,Fitness,1087.13,5,10,543.57,4892.08,1139.07,Debit Card,Delivered
10136,2026-04-06,CUST1168,Kunal Kulkarni,Male,54,Mumbai,Maharashtra,West,PROD147,Laptop,Electronics,Laptops,64207.49,1,5,3210.37,60997.12,6944.29,Debit Card,Delivered
10137,2025-07-14,CUST1111,Rahul Verma,Male,55,Hyderabad,Telangana,South,PROD123,Study Table,Furniture,Living Room,8319.57,2,10,1663.91,14975.23,1857.07,UPI,Delivered
10138,2025-02-21,CUST1136,Prathmesh Verma,Male,64,Kolkata,West Bengal,East,PROD124,Programming Book,Books,Education,1341.53,3,0,0.0,4024.59,1366.11,Net Banking,Delivered
10139,2026-01-10,CUST1144,Vivaan Deshmukh,Male,57,Pune,Maharashtra,West,PROD144,Kurti,Fashion,Women,1533.8,2,15,460.14,2607.46,733.35,Cash on Delivery,Delivered
10140,2025-05-02,CUST1261,Rohan Patel,Male,43,Bengaluru,Karnataka,South,PROD133,Air Fryer,Home & Kitchen,Appliances,7043.14,3,11,2324.24,18805.18,1341.37,UPI,Delivered
10141,2025-02-16,CUST1164,Vivaan Kulkarni,Male,28,Patna,Bihar,East,PROD126,Air Fryer,Home & Kitchen,Appliances,8395.0,3,11,2770.35,22414.65,2742.25,Cash on Delivery,Delivered
10142,2025-11-03,CUST1057,Riya Joshi,Female,44,Hyderabad,Telangana,South,PROD138,Skin Care Kit,Beauty,Personal Care,2071.57,2,15,621.47,3521.67,1002.43,Debit Card,Delivered
10143,2025-01-28,CUST1195,Meera Verma,Female,27,Jaipur,Rajasthan,North,PROD144,Running Shoes,Fashion,Footwear,5836.04,3,0,0.0,17508.12,5344.14,Credit Card,Delivered
10144,2025-02-02,CUST1242,Riya Reddy,Female,65,Mumbai,Maharashtra,West,PROD147,Power Bank,Electronics,Accessories,1715.6,1,5,85.78,1629.82,289.0,UPI,Delivered
10145,2025-05-22,CUST1280,Pooja Singh,Female,40,Hyderabad,Telangana,South,PROD144,Air Fryer,Home & Kitchen,Appliances,8087.78,5,5,2021.94,38416.96,5874.84,Debit Card,Delivered
10146,2026-05-11,CUST1251,Amit Singh,Male,38,Jaipur,Rajasthan,North,PROD131,Casual Shirt,Fashion,Men,2106.38,1,18,379.15,1727.23,345.21,Debit Card,Delivered
10147,2026-07-28,CUST1075,Siddharth Gupta,Male,36,Mumbai,Maharashtra,West,PROD103,Kurti,Fashion,Women,1573.3,2,20,629.32,2517.28,539.75,Debit Card,Delivered
10148,2025-03-22,CUST1140,Priya Verma,Female,26,Bhubaneswar,Odisha,East,PROD107,Mixer Grinder,Home & Kitchen,Appliances,3441.12,2,10,688.22,6194.02,884.22,Cash on Delivery,Delivered
10149,2026-08-24,CUST1052,Kunal Singh,Male,61,Pune,Maharashtra,West,PROD150,Running Shoes,Fashion,Footwear,2973.49,4,0,0.0,11893.96,3758.04,Credit Card,Delivered
10150,2025-01-06,CUST1147,Isha Kulkarni,Female,59,Bengaluru,Karnataka,South,PROD104,Running Shoes,Fashion,Footwear,6367.68,4,5,1273.54,24197.18,6224.47,UPI,Delivered
10151,2026-08-11,CUST1019,Kunal Jadhav,Male,43,Patna,Bihar,East,PROD132,Yoga Mat,Sports,Fitness,563.41,3,15,253.53,1436.7,280.03,Credit Card,Delivered
10152,2025-10-24,CUST1253,Vivaan Sharma,Male,26,Jaipur,Rajasthan,North,PROD133,Kurti,Fashion,Women,2835.45,2,15,850.63,4820.27,1202.28,Net Banking,Delivered
10153,2025-10-07,CUST1291,Amit Patel,Male,61,Chandigarh,Punjab,North,PROD149,Wireless Headphones,Electronics,Audio,8307.0,2,0,0.0,16614.0,4075.05,Credit Card,Delivered
10154,2025-06-29,CUST1166,Meera Khan,Female,33,Bengaluru,Karnataka,South,PROD101,Skin Care Kit,Beauty,Personal Care,1618.19,1,0,0.0,1618.19,689.38,Debit Card,Delivered
10155,2026-01-28,CUST1061,Kunal Verma,Male,47,Jaipur,Rajasthan,North,PROD120,Air Fryer,Home & Kitchen,Appliances,9921.62,1,10,992.16,8929.46,774.62,Credit Card,Delivered
10156,2026-02-20,CUST1245,Pooja Reddy,Female,27,Jaipur,Rajasthan,North,PROD130,Yoga Mat,Sports,Fitness,2057.42,1,15,308.61,1748.81,366.4,Cash on Delivery,Delivered
10157,2026-01-18,CUST1042,Kavya Reddy,Female,51,Hyderabad,Telangana,South,PROD129,Programming Book,Books,Education,1152.52,2,5,115.25,2189.79,678.68,Cash on Delivery,Delivered
10158,2026-01-06,CUST1267,Aditya Mehta,Male,46,Mumbai,Maharashtra,West,PROD108,Laptop,Electronics,Laptops,90144.41,3,12,32451.99,237981.24,26540.56,Credit Card,Delivered
10159,2026-08-21,CUST1158,Neha Patel,Female,64,Hyderabad,Telangana,South,PROD102,Study Table,Furniture,Living Room,10348.05,3,10,3104.41,27939.74,3334.1,Net Banking,Delivered
10160,2025-09-18,CUST1036,Aarav Reddy,Male,48,Delhi,Delhi,North,PROD103,Kurti,Fashion,Women,1674.5,1,20,334.9,1339.6,270.81,Debit Card,Delivered
10161,2026-02-23,CUST1194,Rahul Kulkarni,Male,42,Bhubaneswar,Odisha,East,PROD106,Yoga Mat,Sports,Fitness,1214.62,2,15,364.39,2064.85,407.87,Cash on Delivery,Delivered
10162,2025-05-17,CUST1153,Priya Patel,Female,47,Nagpur,Maharashtra,West,PROD144,Casual Shirt,Fashion,Men,803.76,1,18,144.68,659.08,128.73,Cash on Delivery,Delivered
10163,2026-03-11,CUST1009,Isha Deshmukh,Female,33,Delhi,Delhi,North,PROD114,Power Bank,Electronics,Accessories,1303.32,2,0,0.0,2606.64,640.4,UPI,Delivered
10164,2025-04-14,CUST1112,Meera Sharma,Female,21,Chennai,Tamil Nadu,South,PROD109,Kurti,Fashion,Women,2706.09,2,0,0.0,5412.18,2136.48,Cash on Delivery,Delivered
10165,2025-10-24,CUST1267,Kunal Reddy,Male,32,Kolkata,West Bengal,East,PROD127,Air Fryer,Home & Kitchen,Appliances,10294.04,2,11,2264.69,18323.39,2094.15,Debit Card,Delivered
10166,2025-10-09,CUST1196,Vivaan Jadhav,Male,51,Kolkata,West Bengal,East,PROD121,Programming Book,Books,Education,645.19,2,20,258.08,1032.3,0.0,Net Banking,Cancelled
10167,2026-02-23,CUST1238,Rohan Gupta,Male,21,Bengaluru,Karnataka,South,PROD136,Wireless Headphones,Electronics,Audio,6471.95,3,15,2912.38,16503.47,2421.16,Net Banking,Delivered
10168,2026-03-03,CUST1098,Isha Jadhav,Female,21,Nagpur,Maharashtra,West,PROD118,Office Chair,Furniture,Office Furniture,5838.37,1,10,583.84,5254.53,626.64,Net Banking,Delivered
10169,2025-02-10,CUST1109,Aditya Singh,Male,30,Kolkata,West Bengal,East,PROD148,Yoga Mat,Sports,Fitness,868.93,2,10,173.79,1564.07,387.36,UPI,Delivered
10170,2026-05-06,CUST1184,Kunal Reddy,Male,37,Kolkata,West Bengal,East,PROD117,Yoga Mat,Sports,Fitness,2055.71,1,10,205.57,1850.14,448.18,Debit Card,Delivered
10171,2026-06-10,CUST1212,Neha Verma,Female,20,Mumbai,Maharashtra,West,PROD137,Dumbbell Set,Sports,Fitness,3453.55,5,12,2072.13,15195.62,1956.14,Credit Card,Delivered
10172,2025-05-30,CUST1126,Aarav Gupta,Male,49,Hyderabad,Telangana,South,PROD136,Programming Book,Books,Education,1408.02,2,5,140.8,2675.24,900.3,Debit Card,Delivered
10173,2025-09-21,CUST1251,Neha Reddy,Female,29,Bhubaneswar,Odisha,East,PROD135,Yoga Mat,Sports,Fitness,786.0,2,15,235.8,1336.2,285.06,UPI,Delivered
10174,2026-06-21,CUST1005,Vivaan Patel,Male,31,Bhubaneswar,Odisha,East,PROD133,Laptop,Electronics,Laptops,65619.61,3,12,23623.06,173235.77,18134.68,Net Banking,Delivered
10175,2026-01-18,CUST1007,Vivaan Mehta,Male,19,Bhubaneswar,Odisha,East,PROD134,Running Shoes,Fashion,Footwear,6546.31,4,0,0.0,26185.24,8944.44,Debit Card,Delivered
10176,2026-07-03,CUST1269,Prathmesh Sharma,Male,27,Hyderabad,Telangana,South,PROD116,Skin Care Kit,Beauty,Personal Care,1905.6,2,22,838.46,2972.74,786.33,Credit Card,Delivered
10177,2026-06-24,CUST1154,Siddharth Joshi,Male,61,Jaipur,Rajasthan,North,PROD106,Dumbbell Set,Sports,Fitness,2990.65,1,12,358.88,2631.77,474.27,UPI,Delivered
10178,2025-04-06,CUST1170,Sneha Deshmukh,Female,54,Bengaluru,Karnataka,South,PROD107,Casual Shirt,Fashion,Men,1618.8,2,0,0.0,3237.6,1164.75,Cash on Delivery,Delivered
10179,2025-02-13,CUST1279,Kunal Singh,Male,54,Patna,Bihar,East,PROD143,Programming Book,Books,Education,779.53,2,20,311.81,1247.25,232.24,UPI,Delivered
10180,2025-07-03,CUST1289,Ananya Sharma,Female,33,Delhi,Delhi,North,PROD137,Kurti,Fashion,Women,2587.59,1,20,517.52,2070.07,427.9,Net Banking,Delivered
10181,2026-07-08,CUST1039,Ananya Deshmukh,Female,39,Patna,Bihar,East,PROD139,Wireless Headphones,Electronics,Audio,8737.76,3,10,2621.33,23591.95,5016.58,Cash on Delivery,Delivered
10182,2026-02-11,CUST1300,Ananya Sharma,Female,60,Bhubaneswar,Odisha,East,PROD125,Mixer Grinder,Home & Kitchen,Appliances,4813.19,3,10,1443.96,12995.61,1158.6,UPI,Delivered
10183,2025-10-30,CUST1185,Kunal Reddy,Male,24,Mumbai,Maharashtra,West,PROD106,Smartphone,Electronics,Smartphones,32140.0,1,10,3214.0,28926.0,2866.82,UPI,Delivered
10184,2025-11-12,CUST1046,Aditi Joshi,Female,40,Jaipur,Rajasthan,North,PROD136,Smartphone,Electronics,Smartphones,21931.76,1,10,2193.18,19738.58,1355.34,UPI,Delivered
10185,2025-11-29,CUST1293,Sneha Sharma,Female,51,Jaipur,Rajasthan,North,PROD111,Office Chair,Furniture,Office Furniture,4474.04,1,10,447.4,4026.64,0.0,Net Banking,Cancelled
10186,2025-06-23,CUST1185,Rohan Gupta,Male,34,Jaipur,Rajasthan,North,PROD116,Mixer Grinder,Home & Kitchen,Appliances,2566.95,2,10,513.39,4620.51,649.02,Net Banking,Delivered
10187,2025-07-20,CUST1226,Aditi Patel,Female,39,Nagpur,Maharashtra,West,PROD128,Mixer Grinder,Home & Kitchen,Appliances,4495.01,1,10,449.5,4045.51,542.31,Cash on Delivery,Delivered
10188,2025-05-20,CUST1252,Prathmesh Joshi,Male,54,Kolkata,West Bengal,East,PROD116,Yoga Mat,Sports,Fitness,1034.11,1,15,155.12,878.99,135.43,Debit Card,Delivered
10189,2026-01-21,CUST1014,Siddharth Deshmukh,Male,64,Chandigarh,Punjab,North,PROD130,Smartphone,Electronics,Smartphones,22589.4,4,10,9035.76,81321.84,7882.4,Credit Card,Delivered
10190,2026-03-25,CUST1079,Prathmesh Reddy,Male,63,Mumbai,Maharashtra,West,PROD128,Skin Care Kit,Beauty,Personal Care,2926.13,3,5,438.92,8339.47,3088.24,Net Banking,Delivered
10191,2025-03-17,CUST1185,Aditi Mehta,Female,62,Chennai,Tamil Nadu,South,PROD135,Kurti,Fashion,Women,1865.21,1,20,373.04,1492.17,333.13,Cash on Delivery,Delivered
10192,2025-03-29,CUST1221,Arjun Singh,Male,24,Bhubaneswar,Odisha,East,PROD101,Running Shoes,Fashion,Footwear,5164.4,1,15,774.66,4389.74,677.01,UPI,Delivered
10193,2025-09-22,CUST1257,Kunal Jadhav,Male,27,Patna,Bihar,East,PROD123,Casual Shirt,Fashion,Men,1700.26,2,10,340.05,3060.47,904.94,UPI,Delivered
10194,2026-05-10,CUST1234,Arjun Gupta,Male,31,Bengaluru,Karnataka,South,PROD134,Programming Book,Books,Education,562.5,4,20,450.0,1800.0,406.6,Net Banking,Delivered
10195,2025-12-23,CUST1056,Neha Patel,Female,61,Chennai,Tamil Nadu,South,PROD111,Yoga Mat,Sports,Fitness,1042.15,2,0,0.0,2084.3,709.86,Credit Card,Delivered
10196,2026-06-13,CUST1222,Rahul Jadhav,Male,43,Nagpur,Maharashtra,West,PROD102,Air Fryer,Home & Kitchen,Appliances,11688.47,2,11,2571.46,20805.48,1700.06,Cash on Delivery,Delivered
10197,2025-07-22,CUST1275,Aditi Mehta,Female,29,Bengaluru,Karnataka,South,PROD124,Office Chair,Furniture,Office Furniture,5970.16,1,0,0.0,5970.16,1350.87,Debit Card,Delivered
10198,2025-07-21,CUST1059,Aditi Patel,Female,40,Jaipur,Rajasthan,North,PROD123,Running Shoes,Fashion,Footwear,4544.12,3,16,2181.18,11451.18,2147.31,Net Banking,Delivered
10199,2025-06-26,CUST1262,Prathmesh Mehta,Male,42,Kolkata,West Bengal,East,PROD127,Smartphone,Electronics,Smartphones,28598.84,2,0,0.0,57197.68,10695.8,Cash on Delivery,Delivered
10200,2025-05-22,CUST1086,Riya Deshmukh,Female,49,Bengaluru,Karnataka,South,PROD119,Wireless Headphones,Electronics,Audio,7142.48,2,15,2142.74,12142.22,1173.91,Credit Card,Delivered
10201,2025-07-11,CUST1259,Ananya Verma,Female,59,Kolkata,West Bengal,East,PROD132,Laptop,Electronics,Laptops,92592.1,3,5,13888.82,263887.48,33065.67,Net Banking,Delivered
10202,2026-05-19,CUST1116,Kavya Reddy,Female,52,Chennai,Tamil Nadu,South,PROD119,Study Table,Furniture,Living Room,11915.57,1,10,1191.56,10724.01,1574.3,Credit Card,Delivered
10203,2026-04-14,CUST1022,Riya Reddy,Female,64,Chennai,Tamil Nadu,South,PROD129,Casual Shirt,Fashion,Men,1516.34,2,18,545.88,2486.8,487.77,Cash on Delivery,Delivered
10204,2025-08-12,CUST1045,Kavya Patel,Female,46,Patna,Bihar,East,PROD108,Skin Care Kit,Beauty,Personal Care,1393.09,2,22,612.96,2173.22,596.97,Credit Card,Delivered
10205,2025-08-03,CUST1031,Riya Reddy,Female,54,Chandigarh,Punjab,North,PROD123,Skin Care Kit,Beauty,Personal Care,2471.76,2,5,247.18,4696.34,1698.68,Cash on Delivery,Delivered
10206,2025-10-15,CUST1049,Meera Jadhav,Female,26,Nagpur,Maharashtra,West,PROD149,Air Fryer,Home & Kitchen,Appliances,6694.76,5,11,3682.12,29791.68,1555.56,Net Banking,Delivered
10207,2025-03-02,CUST1251,Siddharth Khan,Male,27,Nagpur,Maharashtra,West,PROD137,Yoga Mat,Sports,Fitness,924.45,3,5,138.67,2634.68,676.77,Debit Card,Delivered
10208,2026-03-01,CUST1233,Sneha Verma,Female,49,Mumbai,Maharashtra,West,PROD121,Running Shoes,Fashion,Footwear,5798.2,3,10,1739.46,15655.14,3448.2,Cash on Delivery,Delivered
10209,2025-01-03,CUST1109,Aditya Reddy,Male,49,Chennai,Tamil Nadu,South,PROD118,Running Shoes,Fashion,Footwear,3662.76,2,16,1172.08,6153.44,1149.7,Debit Card,Delivered
10210,2025-10-18,CUST1236,Ananya Jadhav,Female,19,Kolkata,West Bengal,East,PROD108,Wireless Headphones,Electronics,Audio,6596.05,2,0,0.0,13192.1,3850.76,Credit Card,Delivered
10211,2026-03-28,CUST1141,Aditi Sharma,Female,23,Bengaluru,Karnataka,South,PROD142,Power Bank,Electronics,Accessories,3264.46,5,12,1958.68,14363.62,1734.5,Debit Card,Delivered
10212,2025-09-14,CUST1049,Aditya Joshi,Male,18,Bhubaneswar,Odisha,East,PROD114,Programming Book,Books,Education,472.5,2,5,47.25,897.75,296.63,Net Banking,Delivered
10213,2025-03-21,CUST1068,Rohan Mehta,Male,48,Delhi,Delhi,North,PROD105,Casual Shirt,Fashion,Men,614.86,2,0,0.0,1229.72,407.27,Credit Card,Delivered
10214,2026-01-28,CUST1036,Aditya Reddy,Male,51,Mumbai,Maharashtra,West,PROD137,Smartphone,Electronics,Smartphones,58692.42,1,5,2934.62,55757.8,5981.9,UPI,Delivered
10215,2025-06-18,CUST1052,Aditi Joshi,Female,26,Patna,Bihar,East,PROD149,Power Bank,Electronics,Accessories,1293.57,2,12,310.46,2276.68,170.96,UPI,Delivered
10216,2026-08-27,CUST1146,Sneha Joshi,Female,62,Bengaluru,Karnataka,South,PROD102,Air Fryer,Home & Kitchen,Appliances,6358.4,3,5,953.76,18121.44,2639.23,Debit Card,Delivered
10217,2025-07-30,CUST1256,Pooja Mehta,Female,58,Hyderabad,Telangana,South,PROD139,Power Bank,Electronics,Accessories,1668.41,2,5,166.84,3169.98,541.79,UPI,Delivered
10218,2026-06-25,CUST1038,Aarav Joshi,Male,19,Chandigarh,Punjab,North,PROD138,Wireless Headphones,Electronics,Audio,10309.22,1,15,1546.38,8762.84,1019.6,UPI,Delivered
10219,2025-01-15,CUST1206,Siddharth Singh,Male,23,Pune,Maharashtra,West,PROD141,Programming Book,Books,Education,1505.01,1,20,301.0,1204.01,216.91,Cash on Delivery,Delivered
10220,2026-07-05,CUST1034,Meera Kulkarni,Female,37,Jaipur,Rajasthan,North,PROD145,Smartphone,Electronics,Smartphones,39099.15,1,5,1954.96,37144.19,4299.58,Net Banking,Delivered
10221,2025-09-02,CUST1090,Vivaan Singh,Male,25,Mumbai,Maharashtra,West,PROD101,Programming Book,Books,Education,1034.72,1,10,103.47,931.25,258.72,Credit Card,Delivered
10222,2025-01-12,CUST1138,Rahul Verma,Male,64,Chandigarh,Punjab,North,PROD108,Casual Shirt,Fashion,Men,1916.01,2,10,383.2,3448.82,1079.0,UPI,Delivered
10223,2025-12-10,CUST1256,Kavya Gupta,Female,54,Hyderabad,Telangana,South,PROD111,Smartphone,Electronics,Smartphones,63677.68,1,10,6367.77,57309.91,4214.02,Debit Card,Delivered
10224,2025-06-11,CUST1024,Siddharth Patel,Male,48,Kolkata,West Bengal,East,PROD124,Running Shoes,Fashion,Footwear,2987.7,2,0,0.0,5975.4,1720.33,Net Banking,Delivered
10225,2025-06-03,CUST1164,Rahul Sharma,Male,35,Hyderabad,Telangana,South,PROD105,Dumbbell Set,Sports,Fitness,4755.2,4,10,1902.08,17118.72,3390.31,Cash on Delivery,Delivered
10226,2026-01-17,CUST1239,Arjun Jadhav,Male,36,Bhubaneswar,Odisha,East,PROD150,Programming Book,Books,Education,712.46,1,0,0.0,712.46,237.38,Debit Card,Delivered
10227,2025-12-02,CUST1189,Aditya Jadhav,Male,55,Chennai,Tamil Nadu,South,PROD132,Laptop,Electronics,Laptops,59579.75,1,12,7149.57,52430.18,3254.2,Credit Card,Delivered
10228,2026-07-14,CUST1193,Kunal Kulkarni,Male,65,Pune,Maharashtra,West,PROD147,Programming Book,Books,Education,726.2,1,0,0.0,726.2,242.09,Debit Card,Delivered
10229,2025-04-17,CUST1119,Amit Jadhav,Male,51,Delhi,Delhi,North,PROD127,Office Chair,Furniture,Office Furniture,4188.79,2,10,837.76,7539.82,978.85,Debit Card,Delivered
10230,2026-04-15,CUST1067,Aditya Mehta,Male,33,Mumbai,Maharashtra,West,PROD119,Casual Shirt,Fashion,Men,1911.94,1,18,344.15,1567.79,392.63,Debit Card,Delivered
10231,2025-11-19,CUST1056,Sneha Reddy,Female,27,Patna,Bihar,East,PROD107,Air Fryer,Home & Kitchen,Appliances,6539.67,1,5,326.98,6212.69,1106.22,Credit Card,Delivered
10232,2026-04-06,CUST1047,Aditi Joshi,Female,28,Bengaluru,Karnataka,South,PROD144,Smartphone,Electronics,Smartphones,63125.64,2,10,12625.13,113626.15,8276.27,Debit Card,Delivered
10233,2025-02-11,CUST1090,Amit Joshi,Male,19,Nagpur,Maharashtra,West,PROD126,Smartphone,Electronics,Smartphones,63325.2,2,0,0.0,126650.4,18895.67,Net Banking,Delivered
10234,2026-07-24,CUST1067,Isha Singh,Female,30,Mumbai,Maharashtra,West,PROD126,Study Table,Furniture,Living Room,15113.34,1,0,0.0,15113.34,0.0,Debit Card,Cancelled
10235,2025-03-28,CUST1170,Riya Mehta,Female,25,Jaipur,Rajasthan,North,PROD103,Programming Book,Books,Education,430.52,3,15,193.73,1097.83,247.54,Net Banking,Delivered
10236,2025-02-21,CUST1096,Rahul Mehta,Male,35,Bengaluru,Karnataka,South,PROD118,Skin Care Kit,Beauty,Personal Care,2089.15,2,15,626.75,3551.55,1156.0,Net Banking,Delivered
10237,2025-06-02,CUST1197,Vivaan Mehta,Male,26,Kolkata,West Bengal,East,PROD127,Kurti,Fashion,Women,1378.74,1,20,275.75,1102.99,262.61,Credit Card,Delivered
10238,2026-06-23,CUST1290,Kunal Khan,Male,50,Hyderabad,Telangana,South,PROD121,Dumbbell Set,Sports,Fitness,3035.99,1,12,364.32,2671.67,419.71,Net Banking,Delivered
10239,2025-10-04,CUST1272,Rahul Sharma,Male,40,Chandigarh,Punjab,North,PROD150,Kurti,Fashion,Women,2760.26,1,20,552.05,2208.21,0.0,Cash on Delivery,Cancelled
10240,2025-08-27,CUST1113,Rahul Patel,Male,54,Delhi,Delhi,North,PROD125,Running Shoes,Fashion,Footwear,4575.19,1,16,732.03,3843.16,620.24,Debit Card,Delivered
10241,2025-06-27,CUST1291,Rahul Singh,Male,54,Kolkata,West Bengal,East,PROD110,Air Fryer,Home & Kitchen,Appliances,9732.2,3,11,3211.63,25984.97,3419.45,Cash on Delivery,Delivered
10242,2025-07-12,CUST1170,Neha Jadhav,Female,57,Jaipur,Rajasthan,North,PROD113,Wireless Headphones,Electronics,Audio,2447.7,2,5,244.77,4650.63,1192.79,Credit Card,Delivered
10243,2025-12-15,CUST1038,Rahul Joshi,Male,41,Pune,Maharashtra,West,PROD146,Laptop,Electronics,Laptops,80234.82,1,0,0.0,80234.82,13377.53,Net Banking,Delivered
10244,2026-08-24,CUST1163,Arjun Joshi,Male,29,Jaipur,Rajasthan,North,PROD146,Air Fryer,Home & Kitchen,Appliances,5681.28,1,11,624.94,5056.34,345.21,Cash on Delivery,Delivered
10245,2026-01-01,CUST1294,Kunal Khan,Male,43,Kolkata,West Bengal,East,PROD150,Skin Care Kit,Beauty,Personal Care,1559.11,1,5,77.96,1481.15,586.85,Cash on Delivery,Delivered
10246,2025-02-03,CUST1040,Rahul Mehta,Male,33,Chandigarh,Punjab,North,PROD123,Programming Book,Books,Education,1255.93,3,0,0.0,3767.79,1259.21,Debit Card,Delivered
10247,2025-06-21,CUST1132,Aditya Reddy,Male,24,Bhubaneswar,Odisha,East,PROD147,Running Shoes,Fashion,Footwear,3545.9,2,5,354.59,6737.21,1959.31,UPI,Delivered
10248,2025-02-19,CUST1246,Sneha Verma,Female,54,Patna,Bihar,East,PROD142,Office Chair,Furniture,Office Furniture,13672.35,4,10,5468.94,49220.46,7773.75,Credit Card,Delivered
10249,2025-06-16,CUST1039,Aditi Patel,Female,53,Pune,Maharashtra,West,PROD106,Mixer Grinder,Home & Kitchen,Appliances,3714.54,1,10,371.45,3343.09,504.26,Debit Card,Delivered
10250,2026-05-10,CUST1284,Aarav Deshmukh,Male,64,Bhubaneswar,Odisha,East,PROD147,Wireless Headphones,Electronics,Audio,6059.1,2,10,1211.82,10906.38,2194.91,Cash on Delivery,Delivered
10251,2025-09-29,CUST1219,Prathmesh Gupta,Male,23,Delhi,Delhi,North,PROD119,Smartphone,Electronics,Smartphones,42303.8,1,10,4230.38,38073.42,3775.63,Cash on Delivery,Delivered
10252,2026-05-07,CUST1251,Amit Patel,Male,60,Pune,Maharashtra,West,PROD117,Power Bank,Electronics,Accessories,1658.71,1,0,0.0,1658.71,374.53,UPI,Delivered
10253,2026-07-12,CUST1138,Sneha Kulkarni,Female,54,Chandigarh,Punjab,North,PROD104,Programming Book,Books,Education,661.22,1,15,99.18,562.04,140.05,Credit Card,Delivered
10254,2025-04-10,CUST1268,Aditya Khan,Male,44,Chandigarh,Punjab,North,PROD135,Dumbbell Set,Sports,Fitness,5859.39,2,12,1406.25,10312.53,2002.55,Net Banking,Delivered
10255,2026-08-10,CUST1076,Kunal Verma,Male,25,Jaipur,Rajasthan,North,PROD149,Smartphone,Electronics,Smartphones,57258.81,1,10,5725.88,51532.93,1838.88,Net Banking,Delivered
10256,2025-06-27,CUST1133,Rahul Singh,Male,38,Delhi,Delhi,North,PROD147,Wireless Headphones,Electronics,Audio,2322.87,1,5,116.14,2206.73,412.74,UPI,Delivered
10257,2025-03-31,CUST1268,Sneha Jadhav,Female,44,Bengaluru,Karnataka,South,PROD108,Casual Shirt,Fashion,Men,1041.92,1,0,0.0,1041.92,357.36,Net Banking,Delivered
10258,2025-06-03,CUST1147,Rohan Mehta,Male,52,Kolkata,West Bengal,East,PROD123,Kurti,Fashion,Women,2861.19,3,20,1716.71,6866.86,1594.85,Net Banking,Delivered
10259,2025-09-28,CUST1206,Sneha Khan,Female,20,Chennai,Tamil Nadu,South,PROD126,Kurti,Fashion,Women,786.17,2,5,78.62,1493.72,523.12,Debit Card,Delivered
10260,2025-09-01,CUST1051,Vivaan Reddy,Male,32,Chennai,Tamil Nadu,South,PROD109,Programming Book,Books,Education,921.42,1,10,92.14,829.28,249.53,Debit Card,Delivered
10261,2026-03-30,CUST1192,Ananya Gupta,Female,21,Patna,Bihar,East,PROD133,Office Chair,Furniture,Office Furniture,4526.8,2,10,905.36,8148.24,1039.22,Credit Card,Delivered
10262,2025-03-09,CUST1103,Prathmesh Reddy,Male,21,Hyderabad,Telangana,South,PROD116,Office Chair,Furniture,Office Furniture,13289.9,1,10,1328.99,11960.91,2189.75,UPI,Delivered
10263,2026-04-13,CUST1251,Vivaan Joshi,Male,56,Patna,Bihar,East,PROD129,Power Bank,Electronics,Accessories,3041.12,1,0,0.0,3041.12,605.05,Credit Card,Delivered
10264,2026-05-01,CUST1084,Riya Jadhav,Female,54,Chandigarh,Punjab,North,PROD150,Air Fryer,Home & Kitchen,Appliances,11208.69,1,0,0.0,11208.69,2333.22,Credit Card,Delivered
10265,2025-08-15,CUST1243,Kunal Khan,Male,26,Delhi,Delhi,North,PROD142,Mixer Grinder,Home & Kitchen,Appliances,5177.03,2,10,1035.41,9318.65,811.4,Credit Card,Delivered
10266,2025-01-09,CUST1179,Kunal Gupta,Male,47,Kolkata,West Bengal,East,PROD117,Dumbbell Set,Sports,Fitness,4621.15,4,10,1848.46,16636.14,3075.71,Credit Card,Delivered
10267,2026-04-23,CUST1145,Prathmesh Khan,Male,37,Hyderabad,Telangana,South,PROD144,Skin Care Kit,Beauty,Personal Care,2336.56,2,10,467.31,4205.81,1428.49,UPI,Delivered
10268,2026-05-09,CUST1124,Aditya Joshi,Male,21,Jaipur,Rajasthan,North,PROD139,Running Shoes,Fashion,Footwear,3239.8,1,10,323.98,2915.82,745.59,Net Banking,Delivered
10269,2025-11-24,CUST1299,Rohan Reddy,Male,63,Pune,Maharashtra,West,PROD137,Running Shoes,Fashion,Footwear,3337.14,2,16,1067.88,5606.4,1044.6,Credit Card,Delivered
10270,2025-12-18,CUST1286,Kunal Khan,Male,29,Hyderabad,Telangana,South,PROD119,Running Shoes,Fashion,Footwear,6513.94,3,16,3126.69,16415.13,3187.03,UPI,Delivered
10271,2026-04-28,CUST1115,Rohan Reddy,Male,65,Jaipur,Rajasthan,North,PROD120,Yoga Mat,Sports,Fitness,1796.96,3,10,539.09,4851.79,1082.33,Net Banking,Delivered
10272,2025-12-06,CUST1242,Priya Gupta,Female,30,Kolkata,West Bengal,East,PROD133,Mixer Grinder,Home & Kitchen,Appliances,2883.13,2,10,576.63,5189.63,612.47,UPI,Delivered
10273,2026-01-26,CUST1235,Pooja Gupta,Female,27,Bengaluru,Karnataka,South,PROD121,Laptop,Electronics,Laptops,52538.92,3,12,18914.01,138702.75,0.0,Credit Card,Cancelled
10274,2025-03-24,CUST1082,Neha Joshi,Female,49,Bhubaneswar,Odisha,East,PROD149,Wireless Headphones,Electronics,Audio,2109.14,1,5,105.46,2003.68,408.37,UPI,Delivered
10275,2025-05-13,CUST1008,Meera Deshmukh,Female,38,Bhubaneswar,Odisha,East,PROD149,Office Chair,Furniture,Office Furniture,14601.27,1,0,0.0,14601.27,3348.49,Cash on Delivery,Delivered
10276,2025-07-15,CUST1258,Aarav Khan,Male,55,Pune,Maharashtra,West,PROD120,Running Shoes,Fashion,Footwear,2976.58,2,16,952.51,5000.65,966.42,Credit Card,Delivered
10277,2025-03-08,CUST1184,Vivaan Gupta,Male,30,Jaipur,Rajasthan,North,PROD111,Study Table,Furniture,Living Room,12349.18,2,5,1234.92,23463.44,4280.8,Net Banking,Delivered
10278,2025-01-20,CUST1020,Kunal Singh,Male,42,Patna,Bihar,East,PROD141,Wireless Headphones,Electronics,Audio,1730.09,1,0,0.0,1730.09,467.57,Debit Card,Delivered
10279,2026-07-02,CUST1281,Meera Sharma,Female,34,Kolkata,West Bengal,East,PROD131,Laptop,Electronics,Laptops,77678.38,2,0,0.0,155356.76,30829.3,Credit Card,Delivered
10280,2025-07-30,CUST1262,Aarav Gupta,Male,64,Bengaluru,Karnataka,South,PROD140,Running Shoes,Fashion,Footwear,4505.61,1,5,225.28,4280.33,1196.75,UPI,Delivered
10281,2025-10-17,CUST1210,Arjun Patel,Male,36,Chennai,Tamil Nadu,South,PROD111,Power Bank,Electronics,Accessories,2922.69,2,12,701.45,5143.93,338.65,UPI,Delivered
10282,2026-07-16,CUST1253,Neha Singh,Female,27,Patna,Bihar,East,PROD106,Programming Book,Books,Education,728.31,2,0,0.0,1456.62,489.35,Cash on Delivery,Delivered
10283,2025-03-18,CUST1021,Arjun Gupta,Male,36,Bhubaneswar,Odisha,East,PROD124,Power Bank,Electronics,Accessories,3440.96,2,0,0.0,6881.92,1657.26,Debit Card,Delivered
10284,2026-03-13,CUST1138,Arjun Patel,Male,64,Pune,Maharashtra,West,PROD106,Laptop,Electronics,Laptops,78167.75,3,10,23450.33,211052.92,14816.82,Debit Card,Delivered
10285,2025-12-17,CUST1086,Rahul Patel,Male,25,Bengaluru,Karnataka,South,PROD109,Office Chair,Furniture,Office Furniture,6626.08,4,10,2650.43,23853.89,2932.63,UPI,Delivered
10286,2025-06-13,CUST1067,Arjun Deshmukh,Male,48,Kolkata,West Bengal,East,PROD132,Study Table,Furniture,Living Room,13497.5,3,10,4049.25,36443.25,3721.27,UPI,Delivered
10287,2026-02-26,CUST1290,Aditi Sharma,Female,32,Mumbai,Maharashtra,West,PROD143,Mixer Grinder,Home & Kitchen,Appliances,2271.69,2,10,454.34,4089.04,500.74,Debit Card,Delivered
10288,2026-06-16,CUST1077,Pooja Reddy,Female,53,Patna,Bihar,East,PROD140,Kurti,Fashion,Women,2221.94,1,10,222.19,1999.75,622.51,UPI,Delivered
10289,2025-01-12,CUST1143,Rahul Jadhav,Male,21,Chennai,Tamil Nadu,South,PROD133,Skin Care Kit,Beauty,Personal Care,1163.13,2,22,511.78,1814.48,462.19,Credit Card,Delivered
10290,2026-07-18,CUST1255,Sneha Deshmukh,Female,65,Delhi,Delhi,North,PROD142,Smartphone,Electronics,Smartphones,54466.85,2,10,10893.37,98040.33,7276.69,UPI,Delivered
10291,2025-04-16,CUST1261,Sneha Deshmukh,Female,53,Pune,Maharashtra,West,PROD114,Casual Shirt,Fashion,Men,1921.45,2,18,691.72,3151.18,586.64,Net Banking,Delivered
10292,2025-12-16,CUST1232,Priya Sharma,Female,25,Delhi,Delhi,North,PROD107,Skin Care Kit,Beauty,Personal Care,2268.42,2,15,680.53,3856.31,1121.96,Credit Card,Delivered
10293,2025-01-03,CUST1210,Ananya Joshi,Female,24,Bhubaneswar,Odisha,East,PROD117,Dumbbell Set,Sports,Fitness,3705.53,1,0,0.0,3705.53,868.8,Cash on Delivery,Delivered
10294,2025-07-20,CUST1064,Amit Patel,Male,46,Bengaluru,Karnataka,South,PROD130,Power Bank,Electronics,Accessories,2931.69,2,0,0.0,5863.38,1134.48,Cash on Delivery,Delivered
10295,2026-06-01,CUST1091,Rohan Verma,Male,62,Pune,Maharashtra,West,PROD138,Casual Shirt,Fashion,Men,1485.16,2,18,534.66,2435.66,536.88,Credit Card,Delivered
10296,2025-05-12,CUST1128,Arjun Deshmukh,Male,35,Bhubaneswar,Odisha,East,PROD126,Kurti,Fashion,Women,1440.24,2,20,576.1,2304.38,558.34,Debit Card,Delivered
10297,2025-10-29,CUST1284,Aditi Kulkarni,Female,58,Nagpur,Maharashtra,West,PROD114,Office Chair,Furniture,Office Furniture,13694.02,2,10,2738.8,24649.24,2913.5,Credit Card,Delivered
10298,2025-08-03,CUST1258,Meera Reddy,Female,52,Jaipur,Rajasthan,North,PROD145,Running Shoes,Fashion,Footwear,5296.34,1,16,847.41,4448.93,747.02,Debit Card,Delivered
10299,2025-04-29,CUST1007,Priya Jadhav,Female,51,Chennai,Tamil Nadu,South,PROD107,Kurti,Fashion,Women,2234.46,2,20,893.78,3575.14,899.35,UPI,Delivered
10300,2026-01-26,CUST1032,Rohan Sharma,Male,62,Bhubaneswar,Odisha,East,PROD119,Laptop,Electronics,Laptops,82509.25,1,10,8250.92,74258.33,6498.91,Credit Card,Delivered
10301,2026-07-09,CUST1122,Vivaan Joshi,Male,50,Chennai,Tamil Nadu,South,PROD145,Smartphone,Electronics,Smartphones,47802.88,2,5,4780.29,90825.47,9006.58,Debit Card,Delivered
10302,2025-02-18,CUST1227,Sneha Deshmukh,Female,32,Bengaluru,Karnataka,South,PROD141,Dumbbell Set,Sports,Fitness,2700.74,5,0,0.0,13503.7,3305.74,Debit Card,Delivered
10303,2026-08-26,CUST1089,Isha Reddy,Female,65,Kolkata,West Bengal,East,PROD133,Power Bank,Electronics,Accessories,3407.15,3,5,511.07,9710.38,1300.08,UPI,Delivered
10304,2026-01-22,CUST1080,Vivaan Deshmukh,Male,20,Jaipur,Rajasthan,North,PROD110,Casual Shirt,Fashion,Men,857.49,1,18,154.35,703.14,178.93,Debit Card,Delivered
10305,2025-02-22,CUST1267,Meera Khan,Female,22,Jaipur,Rajasthan,North,PROD133,Study Table,Furniture,Living Room,11702.24,3,10,3510.67,31596.05,3867.76,Credit Card,Delivered
10306,2026-03-02,CUST1272,Isha Jadhav,Female,48,Bengaluru,Karnataka,South,PROD136,Smartphone,Electronics,Smartphones,58820.03,1,10,5882.0,52938.03,4317.33,UPI,Delivered
10307,2025-04-28,CUST1059,Priya Verma,Female,42,Delhi,Delhi,North,PROD117,Programming Book,Books,Education,1686.05,2,0,0.0,3372.1,1177.1,Cash on Delivery,Delivered
10308,2025-10-17,CUST1050,Aarav Jadhav,Male,28,Chandigarh,Punjab,North,PROD150,Casual Shirt,Fashion,Men,1312.89,3,5,196.93,3741.74,1261.41,Cash on Delivery,Delivered
10309,2026-07-01,CUST1276,Aarav Khan,Male,62,Mumbai,Maharashtra,West,PROD148,Power Bank,Electronics,Accessories,2911.31,2,12,698.71,5123.91,567.46,Net Banking,Delivered
10310,2025-03-15,CUST1117,Rohan Sharma,Male,34,Chennai,Tamil Nadu,South,PROD127,Yoga Mat,Sports,Fitness,648.79,1,10,64.88,583.91,134.2,Net Banking,Delivered
10311,2026-04-07,CUST1024,Sneha Deshmukh,Female,62,Chandigarh,Punjab,North,PROD105,Laptop,Electronics,Laptops,50915.29,1,12,6109.83,44805.46,5322.34,Debit Card,Delivered
10312,2026-05-30,CUST1016,Arjun Gupta,Male,48,Bhubaneswar,Odisha,East,PROD111,Mixer Grinder,Home & Kitchen,Appliances,3832.8,2,10,766.56,6899.04,924.0,Cash on Delivery,Delivered
10313,2025-08-14,CUST1192,Rohan Reddy,Male,18,Bengaluru,Karnataka,South,PROD136,Dumbbell Set,Sports,Fitness,3819.48,3,12,1375.01,10083.43,1893.8,Cash on Delivery,Delivered
10314,2025-05-25,CUST1177,Arjun Sharma,Male,31,Pune,Maharashtra,West,PROD127,Kurti,Fashion,Women,1935.45,2,20,774.18,3096.72,774.95,Cash on Delivery,Delivered
10315,2025-05-26,CUST1282,Rahul Kulkarni,Male,47,Delhi,Delhi,North,PROD142,Kurti,Fashion,Women,1146.95,3,20,688.17,2752.68,583.72,Cash on Delivery,Delivered
10316,2025-03-16,CUST1121,Prathmesh Khan,Male,24,Mumbai,Maharashtra,West,PROD119,Mixer Grinder,Home & Kitchen,Appliances,6408.42,1,10,640.84,5767.58,783.66,Cash on Delivery,Delivered
10317,2025-03-13,CUST1162,Amit Joshi,Male,45,Chennai,Tamil Nadu,South,PROD111,Study Table,Furniture,Living Room,13231.91,1,5,661.6,12570.31,2081.11,UPI,Delivered
10318,2025-11-17,CUST1184,Kunal Singh,Male,37,Patna,Bihar,East,PROD132,Yoga Mat,Sports,Fitness,970.36,2,10,194.07,1746.65,362.32,Cash on Delivery,Delivered
10319,2025-04-22,CUST1040,Rahul Khan,Male,64,Kolkata,West Bengal,East,PROD105,Smartphone,Electronics,Smartphones,57511.82,3,10,17253.55,155281.91,14833.38,UPI,Delivered
10320,2026-06-04,CUST1077,Aarav Mehta,Male,41,Kolkata,West Bengal,East,PROD126,Office Chair,Furniture,Office Furniture,5946.75,3,10,1784.03,16056.22,-1012.3,Credit Card,Returned
10321,2026-08-27,CUST1085,Prathmesh Kulkarni,Male,50,Chennai,Tamil Nadu,South,PROD109,Casual Shirt,Fashion,Men,1234.86,2,5,123.49,2346.23,714.72,Net Banking,Delivered
10322,2025-06-13,CUST1119,Rahul Mehta,Male,22,Kolkata,West Bengal,East,PROD117,Running Shoes,Fashion,Footwear,2560.24,3,10,768.07,6912.65,1839.18,Debit Card,Delivered
10323,2025-08-28,CUST1166,Vivaan Khan,Male,24,Delhi,Delhi,North,PROD146,Casual Shirt,Fashion,Men,1178.0,4,15,706.8,4005.2,883.17,Cash on Delivery,Delivered
10324,2025-10-08,CUST1115,Siddharth Mehta,Male,51,Hyderabad,Telangana,South,PROD126,Kurti,Fashion,Women,2203.45,1,0,0.0,2203.45,855.75,Debit Card,Delivered
10325,2025-12-20,CUST1077,Neha Verma,Female,29,Kolkata,West Bengal,East,PROD111,Laptop,Electronics,Laptops,51948.42,2,0,0.0,103896.84,19867.87,Debit Card,Delivered
10326,2025-05-02,CUST1012,Kunal Deshmukh,Male,33,Chandigarh,Punjab,North,PROD103,Yoga Mat,Sports,Fitness,1647.89,1,15,247.18,1400.71,299.66,Credit Card,Delivered
10327,2026-08-11,CUST1208,Riya Kulkarni,Female,56,Nagpur,Maharashtra,West,PROD137,Running Shoes,Fashion,Footwear,6432.15,2,5,643.22,12221.08,3547.06,UPI,Delivered
10328,2025-10-18,CUST1094,Aditya Singh,Male,57,Chennai,Tamil Nadu,South,PROD143,Kurti,Fashion,Women,2694.8,5,15,2021.1,11452.9,3148.51,Cash on Delivery,Delivered
10329,2025-09-28,CUST1104,Rahul Reddy,Male,51,Bhubaneswar,Odisha,East,PROD133,Air Fryer,Home & Kitchen,Appliances,8974.0,4,11,3948.56,31947.44,3257.67,Net Banking,Delivered
10330,2025-06-03,CUST1048,Meera Patel,Female,48,Nagpur,Maharashtra,West,PROD143,Study Table,Furniture,Living Room,12397.39,4,10,4958.96,44630.6,5441.81,Credit Card,Delivered
10331,2026-07-07,CUST1247,Aarav Khan,Male,42,Bhubaneswar,Odisha,East,PROD123,Office Chair,Furniture,Office Furniture,7759.34,2,10,1551.87,13966.81,2121.2,Cash on Delivery,Delivered
10332,2026-08-13,CUST1210,Arjun Deshmukh,Male,34,Nagpur,Maharashtra,West,PROD113,Mixer Grinder,Home & Kitchen,Appliances,3548.57,2,10,709.71,6387.43,905.63,UPI,Delivered
10333,2025-01-08,CUST1219,Riya Jadhav,Female,59,Mumbai,Maharashtra,West,PROD138,Casual Shirt,Fashion,Men,1647.27,1,10,164.73,1482.54,436.66,Debit Card,Delivered
10334,2025-09-25,CUST1248,Isha Deshmukh,Female,29,Kolkata,West Bengal,East,PROD124,Air Fryer,Home & Kitchen,Appliances,11938.49,2,5,1193.85,22683.13,3550.6,Cash on Delivery,Delivered
10335,2026-07-23,CUST1083,Neha Gupta,Female,24,Jaipur,Rajasthan,North,PROD114,Kurti,Fashion,Women,2322.64,1,0,0.0,2322.64,872.09,Cash on Delivery,Delivered
10336,2026-02-15,CUST1242,Ananya Jadhav,Female,56,Kolkata,West Bengal,East,PROD128,Yoga Mat,Sports,Fitness,588.49,2,0,0.0,1176.98,342.88,UPI,Delivered
10337,2025-03-07,CUST1147,Siddharth Singh,Male,63,Chandigarh,Punjab,North,PROD139,Smartphone,Electronics,Smartphones,50398.22,2,10,10079.64,90716.8,7091.1,UPI,Delivered
10338,2025-06-29,CUST1265,Neha Verma,Female,62,Pune,Maharashtra,West,PROD115,Power Bank,Electronics,Accessories,3319.97,3,5,498.0,9461.91,1947.96,Cash on Delivery,Delivered
10339,2025-06-23,CUST1203,Vivaan Joshi,Male,43,Delhi,Delhi,North,PROD138,Running Shoes,Fashion,Footwear,2618.71,1,16,418.99,2199.72,347.98,Credit Card,Delivered
10340,2026-06-15,CUST1142,Aarav Reddy,Male,32,Patna,Bihar,East,PROD139,Smartphone,Electronics,Smartphones,41128.41,4,10,16451.36,148062.28,5100.23,Credit Card,Delivered
10341,2026-04-11,CUST1263,Sneha Mehta,Female,34,Pune,Maharashtra,West,PROD135,Mixer Grinder,Home & Kitchen,Appliances,5136.18,1,10,513.62,4622.56,651.34,Cash on Delivery,Delivered
10342,2025-09-14,CUST1015,Aditi Deshmukh,Female,48,Kolkata,West Bengal,East,PROD108,Study Table,Furniture,Living Room,14604.63,3,10,4381.39,39432.5,5036.97,Debit Card,Delivered
10343,2025-03-11,CUST1135,Sneha Khan,Female,33,Delhi,Delhi,North,PROD119,Running Shoes,Fashion,Footwear,5960.84,2,10,1192.17,10729.51,2497.12,UPI,Delivered
10344,2026-02-13,CUST1098,Ananya Patel,Female,49,Hyderabad,Telangana,South,PROD148,Programming Book,Books,Education,839.42,1,20,167.88,671.54,145.44,Credit Card,Delivered
10345,2025-08-29,CUST1041,Kunal Gupta,Male,61,Delhi,Delhi,North,PROD143,Power Bank,Electronics,Accessories,1549.21,1,5,77.46,1471.75,219.86,Net Banking,Delivered
10346,2025-01-07,CUST1252,Isha Sharma,Female,29,Chennai,Tamil Nadu,South,PROD149,Air Fryer,Home & Kitchen,Appliances,8192.55,2,11,1802.36,14582.74,868.43,Cash on Delivery,Delivered
10347,2025-10-14,CUST1090,Sneha Singh,Female,47,Kolkata,West Bengal,East,PROD108,Wireless Headphones,Electronics,Audio,9892.33,1,15,1483.85,8408.48,1412.64,Cash on Delivery,Delivered
10348,2026-04-17,CUST1281,Ananya Reddy,Female,34,Pune,Maharashtra,West,PROD116,Laptop,Electronics,Laptops,63971.4,2,10,12794.28,115148.52,10744.25,Debit Card,Delivered
10349,2026-04-28,CUST1231,Meera Joshi,Female,29,Chandigarh,Punjab,North,PROD137,Wireless Headphones,Electronics,Audio,3710.59,2,10,742.12,6679.06,1264.25,Credit Card,Delivered
10350,2026-08-13,CUST1077,Kunal Patel,Male,48,Patna,Bihar,East,PROD101,Mixer Grinder,Home & Kitchen,Appliances,5420.97,3,10,1626.29,14636.62,2177.34,Credit Card,Delivered
10351,2026-03-08,CUST1204,Neha Kulkarni,Female,24,Bhubaneswar,Odisha,East,PROD145,Casual Shirt,Fashion,Men,1105.16,2,10,221.03,1989.29,566.1,Credit Card,Delivered
10352,2025-03-03,CUST1132,Amit Gupta,Male,40,Chennai,Tamil Nadu,South,PROD102,Skin Care Kit,Beauty,Personal Care,1959.59,2,10,391.92,3527.26,1240.59,Net Banking,Delivered
10353,2025-05-05,CUST1250,Priya Khan,Female,65,Kolkata,West Bengal,East,PROD129,Power Bank,Electronics,Accessories,2589.65,2,10,517.93,4661.37,634.11,UPI,Delivered
10354,2026-01-26,CUST1208,Meera Gupta,Female,22,Chennai,Tamil Nadu,South,PROD106,Running Shoes,Fashion,Footwear,6314.94,4,10,2525.98,22733.78,5441.59,Credit Card,Delivered
10355,2025-12-18,CUST1186,Kunal Joshi,Male,65,Chandigarh,Punjab,North,PROD138,Running Shoes,Fashion,Footwear,3190.86,1,10,319.09,2871.77,593.74,Cash on Delivery,Delivered
10356,2026-04-07,CUST1049,Kavya Kulkarni,Female,22,Nagpur,Maharashtra,West,PROD131,Skin Care Kit,Beauty,Personal Care,2737.76,1,0,0.0,2737.76,1162.53,Cash on Delivery,Delivered
10357,2025-02-25,CUST1159,Aarav Deshmukh,Male,32,Hyderabad,Telangana,South,PROD116,Dumbbell Set,Sports,Fitness,1698.86,5,0,0.0,8494.3,2130.36,Debit Card,Delivered
10358,2026-03-30,CUST1277,Rohan Kulkarni,Male,35,Hyderabad,Telangana,South,PROD136,Skin Care Kit,Beauty,Personal Care,798.43,1,10,79.84,718.59,231.01,Net Banking,Delivered
10359,2025-05-19,CUST1274,Isha Kulkarni,Female,37,Kolkata,West Bengal,East,PROD123,Kurti,Fashion,Women,2422.5,2,20,969.0,3876.0,934.74,Net Banking,Delivered
10360,2026-07-07,CUST1070,Kunal Patel,Male,40,Chennai,Tamil Nadu,South,PROD119,Mixer Grinder,Home & Kitchen,Appliances,3706.88,1,0,0.0,3706.88,779.64,Net Banking,Delivered
10361,2026-07-02,CUST1281,Aarav Reddy,Male,41,Chennai,Tamil Nadu,South,PROD113,Dumbbell Set,Sports,Fitness,1243.84,2,10,248.77,2238.91,384.85,Net Banking,Delivered
10362,2026-07-29,CUST1123,Kavya Deshmukh,Female,51,Delhi,Delhi,North,PROD149,Wireless Headphones,Electronics,Audio,8282.9,2,15,2484.87,14080.93,2155.38,Cash on Delivery,Delivered
10363,2025-10-06,CUST1234,Prathmesh Khan,Male,57,Patna,Bihar,East,PROD129,Casual Shirt,Fashion,Men,1260.65,3,18,680.75,3101.2,750.07,Debit Card,Delivered
10364,2026-05-19,CUST1225,Amit Joshi,Male,64,Pune,Maharashtra,West,PROD101,Wireless Headphones,Electronics,Audio,7117.19,1,0,0.0,7117.19,1964.04,Credit Card,Delivered
10365,2025-04-03,CUST1017,Rohan Sharma,Male,39,Chennai,Tamil Nadu,South,PROD106,Power Bank,Electronics,Accessories,1710.1,1,12,205.21,1504.89,96.02,Credit Card,Delivered
10366,2025-02-27,CUST1063,Siddharth Deshmukh,Male,63,Mumbai,Maharashtra,West,PROD116,Casual Shirt,Fashion,Men,907.51,2,18,326.7,1488.32,292.57,Net Banking,Delivered
10367,2026-03-30,CUST1160,Kunal Reddy,Male,38,Pune,Maharashtra,West,PROD111,Power Bank,Electronics,Accessories,2904.59,2,5,290.46,5518.72,952.45,UPI,Delivered
10368,2026-07-17,CUST1058,Pooja Patel,Female,33,Jaipur,Rajasthan,North,PROD141,Study Table,Furniture,Living Room,6782.13,2,10,1356.43,12207.83,1164.04,Net Banking,Delivered
10369,2025-11-29,CUST1080,Aarav Kulkarni,Male,41,Jaipur,Rajasthan,North,PROD150,Kurti,Fashion,Women,2515.03,1,0,0.0,2515.03,967.72,UPI,Delivered
10370,2025-09-12,CUST1079,Rahul Verma,Male,62,Mumbai,Maharashtra,West,PROD135,Running Shoes,Fashion,Footwear,6640.41,2,16,2124.93,11155.89,1894.07,UPI,Delivered
10371,2025-05-09,CUST1194,Neha Singh,Female,40,Chandigarh,Punjab,North,PROD147,Casual Shirt,Fashion,Men,1810.72,3,18,977.79,4454.37,995.9,Credit Card,Delivered
10372,2025-09-14,CUST1240,Vivaan Verma,Male,35,Patna,Bihar,East,PROD139,Study Table,Furniture,Living Room,11598.28,2,10,2319.66,20876.9,3121.39,Cash on Delivery,Delivered
10373,2025-06-14,CUST1095,Aditya Jadhav,Male,19,Nagpur,Maharashtra,West,PROD140,Study Table,Furniture,Living Room,7686.89,1,0,0.0,7686.89,1476.91,Debit Card,Delivered
10374,2025-09-02,CUST1145,Ananya Reddy,Female,38,Mumbai,Maharashtra,West,PROD127,Running Shoes,Fashion,Footwear,6059.06,4,15,3635.44,20600.8,3484.17,Debit Card,Delivered
10375,2025-04-24,CUST1051,Arjun Jadhav,Male,20,Bhubaneswar,Odisha,East,PROD137,Smartphone,Electronics,Smartphones,61703.38,1,0,0.0,61703.38,11448.5,Net Banking,Delivered
10376,2026-05-17,CUST1252,Pooja Mehta,Female,23,Patna,Bihar,East,PROD130,Kurti,Fashion,Women,1542.61,1,0,0.0,1542.61,642.45,UPI,Delivered
10377,2026-01-05,CUST1037,Isha Reddy,Female,37,Bengaluru,Karnataka,South,PROD105,Skin Care Kit,Beauty,Personal Care,2683.61,1,22,590.39,2093.22,541.14,Credit Card,Delivered
10378,2026-06-16,CUST1286,Arjun Patel,Male,65,Patna,Bihar,East,PROD136,Power Bank,Electronics,Accessories,1392.6,2,5,139.26,2645.94,437.16,Net Banking,Delivered
10379,2025-04-19,CUST1081,Riya Joshi,Female,52,Bhubaneswar,Odisha,East,PROD139,Study Table,Furniture,Living Room,9979.05,2,5,997.9,18960.2,3161.42,Net Banking,Delivered
10380,2025-12-27,CUST1110,Ananya Jadhav,Female,42,Chandigarh,Punjab,North,PROD150,Skin Care Kit,Beauty,Personal Care,2839.72,1,10,283.97,2555.75,860.85,Cash on Delivery,Delivered
10381,2025-09-18,CUST1154,Priya Verma,Female,32,Chennai,Tamil Nadu,South,PROD114,Office Chair,Furniture,Office Furniture,3898.62,1,0,0.0,3898.62,-199.33,Debit Card,Returned
10382,2025-01-23,CUST1188,Siddharth Jadhav,Male,55,Hyderabad,Telangana,South,PROD116,Casual Shirt,Fashion,Men,1514.58,2,15,454.37,2574.79,660.95,Credit Card,Delivered
10383,2025-09-20,CUST1296,Prathmesh Patel,Male,24,Kolkata,West Bengal,East,PROD139,Office Chair,Furniture,Office Furniture,6000.53,2,10,1200.11,10800.95,1333.77,Debit Card,Delivered
10384,2025-02-08,CUST1117,Riya Deshmukh,Female,65,Mumbai,Maharashtra,West,PROD142,Dumbbell Set,Sports,Fitness,4900.33,1,12,588.04,4312.29,719.78,Cash on Delivery,Delivered
10385,2025-01-12,CUST1202,Sneha Sharma,Female,46,Jaipur,Rajasthan,North,PROD149,Casual Shirt,Fashion,Men,1463.89,1,18,263.5,1200.39,246.2,Cash on Delivery,Delivered
10386,2026-08-13,CUST1281,Pooja Patel,Female,43,Delhi,Delhi,North,PROD117,Office Chair,Furniture,Office Furniture,8034.71,1,0,0.0,8034.71,1875.26,UPI,Delivered
10387,2026-02-13,CUST1269,Pooja Deshmukh,Female,33,Patna,Bihar,East,PROD116,Wireless Headphones,Electronics,Audio,6549.69,3,15,2947.36,16701.71,1984.03,UPI,Delivered
10388,2025-09-30,CUST1013,Kavya Joshi,Female,37,Bhubaneswar,Odisha,East,PROD111,Programming Book,Books,Education,557.54,2,10,111.51,1003.57,299.54,Debit Card,Delivered
10389,2026-03-29,CUST1058,Meera Kulkarni,Female,65,Chennai,Tamil Nadu,South,PROD104,Laptop,Electronics,Laptops,56674.48,4,5,11334.9,215363.02,27947.14,Credit Card,Delivered
10390,2025-06-01,CUST1105,Prathmesh Sharma,Male,52,Chandigarh,Punjab,North,PROD134,Yoga Mat,Sports,Fitness,1018.7,3,10,305.61,2750.49,699.33,Debit Card,Delivered
10391,2026-07-16,CUST1146,Neha Mehta,Female,30,Patna,Bihar,East,PROD145,Wireless Headphones,Electronics,Audio,8516.74,2,15,2555.02,14478.46,2419.86,Cash on Delivery,Delivered
10392,2025-10-05,CUST1198,Vivaan Verma,Male,32,Bhubaneswar,Odisha,East,PROD125,Laptop,Electronics,Laptops,78018.64,1,10,7801.86,70216.78,5103.67,Cash on Delivery,Delivered
10393,2025-04-12,CUST1021,Ananya Verma,Female,33,Kolkata,West Bengal,East,PROD134,Casual Shirt,Fashion,Men,918.2,1,18,165.28,752.92,161.78,Debit Card,Delivered
10394,2025-12-08,CUST1257,Neha Deshmukh,Female,35,Patna,Bihar,East,PROD104,Wireless Headphones,Electronics,Audio,8685.27,1,10,868.53,7816.74,0.0,Debit Card,Cancelled
10395,2026-02-01,CUST1117,Aarav Jadhav,Male,44,Jaipur,Rajasthan,North,PROD116,Power Bank,Electronics,Accessories,3232.66,1,0,0.0,3232.66,631.82,Cash on Delivery,Delivered
10396,2025-06-06,CUST1071,Kavya Gupta,Female,37,Kolkata,West Bengal,East,PROD145,Air Fryer,Home & Kitchen,Appliances,5488.29,1,11,603.71,4884.58,434.94,Cash on Delivery,Delivered
10397,2025-05-19,CUST1163,Kavya Kulkarni,Female,27,Bhubaneswar,Odisha,East,PROD147,Programming Book,Books,Education,621.27,2,20,248.51,994.03,165.89,UPI,Delivered
10398,2025-11-23,CUST1068,Kavya Deshmukh,Female,29,Jaipur,Rajasthan,North,PROD102,Study Table,Furniture,Living Room,15503.78,2,10,3100.76,27906.8,4249.86,Cash on Delivery,Delivered
10399,2025-10-01,CUST1258,Meera Mehta,Female,56,Kolkata,West Bengal,East,PROD131,Power Bank,Electronics,Accessories,1500.37,2,0,0.0,3000.74,595.51,Debit Card,Delivered
10400,2025-07-08,CUST1114,Sneha Verma,Female,65,Chennai,Tamil Nadu,South,PROD143,Wireless Headphones,Electronics,Audio,3875.87,1,0,0.0,3875.87,901.27,Credit Card,Delivered
10401,2025-07-29,CUST1022,Aditya Kulkarni,Male,56,Chennai,Tamil Nadu,South,PROD148,Skin Care Kit,Beauty,Personal Care,2626.02,2,22,1155.45,4096.59,882.71,Net Banking,Delivered
10402,2025-11-17,CUST1232,Sneha Mehta,Female,47,Patna,Bihar,East,PROD103,Kurti,Fashion,Women,1908.03,2,20,763.21,3052.85,661.29,Credit Card,Delivered
10403,2026-06-16,CUST1156,Isha Deshmukh,Female,36,Patna,Bihar,East,PROD130,Laptop,Electronics,Laptops,70806.33,2,0,0.0,141612.66,30473.49,Credit Card,Delivered
10404,2026-03-09,CUST1058,Prathmesh Mehta,Male,29,Pune,Maharashtra,West,PROD150,Yoga Mat,Sports,Fitness,741.81,2,15,222.54,1261.08,242.64,Cash on Delivery,Delivered
10405,2026-07-14,CUST1166,Rohan Deshmukh,Male,62,Bengaluru,Karnataka,South,PROD142,Air Fryer,Home & Kitchen,Appliances,5841.59,2,5,584.16,11099.02,1332.68,Credit Card,Delivered
10406,2025-05-07,CUST1282,Aditya Patel,Male,42,Patna,Bihar,East,PROD103,Study Table,Furniture,Living Room,5194.29,2,10,1038.86,9349.72,1079.69,Credit Card,Delivered
10407,2025-12-10,CUST1229,Riya Khan,Female,36,Nagpur,Maharashtra,West,PROD141,Wireless Headphones,Electronics,Audio,3378.1,3,15,1520.14,8614.16,1258.74,Credit Card,Delivered
10408,2025-05-01,CUST1253,Rohan Singh,Male,33,Pune,Maharashtra,West,PROD114,Kurti,Fashion,Women,728.08,3,15,327.64,1856.6,517.38,Cash on Delivery,Delivered
10409,2026-05-03,CUST1107,Aditi Deshmukh,Female,21,Chennai,Tamil Nadu,South,PROD112,Smartphone,Electronics,Smartphones,12348.37,2,10,2469.67,22227.07,1968.94,Credit Card,Delivered
10410,2025-02-26,CUST1214,Priya Sharma,Female,29,Nagpur,Maharashtra,West,PROD111,Skin Care Kit,Beauty,Personal Care,2318.66,1,10,231.87,2086.79,663.83,Debit Card,Delivered
10411,2026-08-10,CUST1035,Isha Kulkarni,Female,45,Chennai,Tamil Nadu,South,PROD136,Yoga Mat,Sports,Fitness,2083.52,2,10,416.7,3750.34,923.68,UPI,Delivered
10412,2025-10-27,CUST1056,Neha Kulkarni,Female,54,Mumbai,Maharashtra,West,PROD147,Yoga Mat,Sports,Fitness,1059.65,3,5,158.95,3020.0,788.89,Cash on Delivery,Delivered
10413,2025-03-31,CUST1295,Neha Reddy,Female,57,Patna,Bihar,East,PROD123,Kurti,Fashion,Women,2968.44,4,20,2374.75,9499.01,2017.27,Credit Card,Delivered
10414,2026-07-31,CUST1100,Neha Jadhav,Female,18,Patna,Bihar,East,PROD108,Running Shoes,Fashion,Footwear,6001.5,2,16,1920.48,10082.52,2008.56,UPI,Delivered
10415,2026-04-22,CUST1006,Arjun Reddy,Male,58,Delhi,Delhi,North,PROD113,Dumbbell Set,Sports,Fitness,3190.23,2,10,638.05,5742.41,1002.83,Debit Card,Delivered
10416,2025-09-18,CUST1015,Aditya Gupta,Male,29,Jaipur,Rajasthan,North,PROD113,Casual Shirt,Fashion,Men,1827.25,2,10,365.45,3289.05,983.17,Debit Card,Delivered
10417,2025-12-13,CUST1212,Neha Verma,Female,65,Pune,Maharashtra,West,PROD104,Running Shoes,Fashion,Footwear,2608.01,1,16,417.28,2190.73,327.45,Cash on Delivery,Delivered
10418,2025-11-03,CUST1182,Riya Reddy,Female,22,Bhubaneswar,Odisha,East,PROD110,Air Fryer,Home & Kitchen,Appliances,4640.39,2,10,928.08,8352.7,651.46,Debit Card,Delivered
10419,2025-02-01,CUST1158,Ananya Deshmukh,Female,63,Bhubaneswar,Odisha,East,PROD121,Casual Shirt,Fashion,Men,1513.57,3,18,817.33,3723.38,917.97,UPI,Delivered
10420,2025-10-06,CUST1058,Kavya Patel,Female,41,Chennai,Tamil Nadu,South,PROD103,Programming Book,Books,Education,1032.67,1,20,206.53,826.14,182.12,Credit Card,Delivered
10421,2025-04-05,CUST1168,Aditi Jadhav,Female,27,Pune,Maharashtra,West,PROD150,Dumbbell Set,Sports,Fitness,3600.26,2,12,864.06,6336.46,904.1,UPI,Delivered
10422,2026-06-13,CUST1045,Rohan Singh,Male,39,Patna,Bihar,East,PROD130,Laptop,Electronics,Laptops,80683.87,2,0,0.0,161367.74,33282.03,UPI,Delivered
10423,2025-04-16,CUST1142,Pooja Khan,Female,52,Patna,Bihar,East,PROD121,Mixer Grinder,Home & Kitchen,Appliances,6599.26,1,5,329.96,6269.3,1154.19,Net Banking,Delivered
10424,2025-05-01,CUST1164,Siddharth Kulkarni,Male,35,Nagpur,Maharashtra,West,PROD110,Mixer Grinder,Home & Kitchen,Appliances,7758.13,1,0,0.0,7758.13,1808.63,Debit Card,Delivered
10425,2026-08-11,CUST1026,Kunal Kulkarni,Male,24,Mumbai,Maharashtra,West,PROD125,Mixer Grinder,Home & Kitchen,Appliances,4164.69,2,5,416.47,7912.91,1631.83,UPI,Delivered
10426,2025-03-30,CUST1160,Kavya Deshmukh,Female,39,Nagpur,Maharashtra,West,PROD113,Yoga Mat,Sports,Fitness,1507.69,2,15,452.31,2563.07,446.09,Cash on Delivery,Delivered
10427,2025-03-22,CUST1239,Aditi Mehta,Female,48,Nagpur,Maharashtra,West,PROD115,Smartphone,Electronics,Smartphones,60743.52,3,10,18223.06,164007.5,14078.22,Credit Card,Delivered
10428,2025-05-28,CUST1244,Meera Gupta,Female,25,Chandigarh,Punjab,North,PROD123,Office Chair,Furniture,Office Furniture,14048.54,1,10,1404.85,12643.69,1896.27,Net Banking,Delivered
10429,2026-04-18,CUST1155,Rahul Gupta,Male,52,Chandigarh,Punjab,North,PROD130,Kurti,Fashion,Women,1868.28,2,0,0.0,3736.56,1490.95,Net Banking,Delivered
10430,2026-08-28,CUST1221,Kavya Singh,Female,45,Kolkata,West Bengal,East,PROD137,Power Bank,Electronics,Accessories,3432.12,2,10,686.42,6177.82,912.99,Debit Card,Delivered
10431,2026-07-12,CUST1167,Kunal Kulkarni,Male,53,Bhubaneswar,Odisha,East,PROD107,Running Shoes,Fashion,Footwear,6640.49,1,15,996.07,5644.42,1227.15,Net Banking,Delivered
10432,2025-06-30,CUST1032,Prathmesh Deshmukh,Male,23,Mumbai,Maharashtra,West,PROD114,Kurti,Fashion,Women,2572.35,1,20,514.47,2057.88,504.33,Credit Card,Delivered
10433,2026-08-18,CUST1163,Aarav Kulkarni,Male,37,Bhubaneswar,Odisha,East,PROD137,Wireless Headphones,Electronics,Audio,4560.78,2,15,1368.23,7753.33,1202.16,Debit Card,Delivered
10434,2026-03-22,CUST1282,Priya Patel,Female,21,Kolkata,West Bengal,East,PROD101,Laptop,Electronics,Laptops,70521.19,2,12,16925.09,124117.29,6528.16,Cash on Delivery,Delivered
10435,2026-01-03,CUST1109,Arjun Gupta,Male,60,Pune,Maharashtra,West,PROD112,Power Bank,Electronics,Accessories,2434.43,1,12,292.13,2142.3,240.44,Net Banking,Delivered
10436,2025-05-23,CUST1009,Amit Jadhav,Male,27,Bengaluru,Karnataka,South,PROD147,Skin Care Kit,Beauty,Personal Care,3051.9,4,5,610.38,11597.22,4623.62,Net Banking,Delivered
10437,2026-03-24,CUST1093,Rohan Patel,Male,47,Nagpur,Maharashtra,West,PROD133,Running Shoes,Fashion,Footwear,6272.79,3,16,3010.94,15807.43,2600.52,Net Banking,Delivered
10438,2026-07-20,CUST1280,Aditi Deshmukh,Female,54,Chandigarh,Punjab,North,PROD124,Power Bank,Electronics,Accessories,2471.89,1,5,123.59,2348.3,362.7,UPI,Delivered
10439,2025-02-08,CUST1144,Riya Verma,Female,47,Patna,Bihar,East,PROD134,Air Fryer,Home & Kitchen,Appliances,8111.5,1,5,405.57,7705.93,1016.48,UPI,Delivered
10440,2026-06-20,CUST1028,Meera Patel,Female,39,Delhi,Delhi,North,PROD135,Study Table,Furniture,Living Room,13292.32,2,10,2658.46,23926.18,2406.9,UPI,Delivered
10441,2026-04-26,CUST1019,Aditi Jadhav,Female,62,Chennai,Tamil Nadu,South,PROD139,Kurti,Fashion,Women,1668.34,2,20,667.34,2669.34,576.1,Debit Card,Delivered
10442,2026-08-01,CUST1147,Siddharth Sharma,Male,49,Bhubaneswar,Odisha,East,PROD106,Study Table,Furniture,Living Room,12020.04,2,10,2404.01,21636.07,2157.82,Credit Card,Delivered
10443,2026-06-02,CUST1078,Aditya Gupta,Male,60,Jaipur,Rajasthan,North,PROD129,Wireless Headphones,Electronics,Audio,4389.78,2,0,0.0,8779.56,2232.13,Debit Card,Delivered
10444,2025-06-29,CUST1079,Siddharth Reddy,Male,49,Delhi,Delhi,North,PROD149,Study Table,Furniture,Living Room,11383.44,1,0,0.0,11383.44,2030.25,Net Banking,Delivered
10445,2026-01-28,CUST1060,Kunal Khan,Male,21,Chennai,Tamil Nadu,South,PROD111,Yoga Mat,Sports,Fitness,858.46,2,10,171.69,1545.23,409.62,Net Banking,Delivered
10446,2026-02-13,CUST1223,Neha Gupta,Female,18,Chennai,Tamil Nadu,South,PROD119,Yoga Mat,Sports,Fitness,2068.18,4,15,1240.91,7031.81,1341.01,Net Banking,Delivered
10447,2026-01-27,CUST1140,Ananya Jadhav,Female,39,Bhubaneswar,Odisha,East,PROD118,Laptop,Electronics,Laptops,71564.67,1,12,8587.76,62976.91,4590.6,Debit Card,Delivered
10448,2025-04-11,CUST1093,Siddharth Khan,Male,38,Kolkata,West Bengal,East,PROD136,Office Chair,Furniture,Office Furniture,11265.85,2,10,2253.17,20278.53,2539.57,UPI,Delivered
10449,2025-01-09,CUST1048,Aditya Sharma,Male,21,Bengaluru,Karnataka,South,PROD139,Smartphone,Electronics,Smartphones,48331.48,2,10,9666.3,86996.66,7900.25,Credit Card,Delivered
10450,2025-05-05,CUST1130,Arjun Patel,Male,36,Kolkata,West Bengal,East,PROD130,Wireless Headphones,Electronics,Audio,9520.51,1,5,476.03,9044.48,1756.72,UPI,Delivered
10451,2026-04-10,CUST1199,Siddharth Deshmukh,Male,39,Patna,Bihar,East,PROD104,Programming Book,Books,Education,1478.17,2,0,0.0,2956.34,1102.06,Debit Card,Delivered
10452,2025-09-29,CUST1221,Rahul Verma,Male,31,Mumbai,Maharashtra,West,PROD140,Study Table,Furniture,Living Room,6809.37,5,10,3404.68,30642.17,4773.14,UPI,Delivered
10453,2026-03-29,CUST1001,Siddharth Patel,Male,20,Pune,Maharashtra,West,PROD143,Smartphone,Electronics,Smartphones,50559.89,1,10,5055.99,45503.9,5033.97,Net Banking,Delivered
10454,2025-09-30,CUST1036,Rohan Reddy,Male,52,Chandigarh,Punjab,North,PROD115,Programming Book,Books,Education,405.19,1,15,60.78,344.41,85.51,UPI,Delivered
10455,2026-01-29,CUST1188,Neha Patel,Female,52,Kolkata,West Bengal,East,PROD122,Casual Shirt,Fashion,Men,1174.27,4,15,704.56,3992.52,-300.62,UPI,Returned
10456,2026-04-16,CUST1184,Prathmesh Khan,Male,49,Delhi,Delhi,North,PROD106,Wireless Headphones,Electronics,Audio,11658.89,2,10,2331.78,20986.0,3451.68,Net Banking,Delivered
10457,2025-07-14,CUST1256,Rohan Sharma,Male,52,Delhi,Delhi,North,PROD129,Laptop,Electronics,Laptops,74647.27,2,0,0.0,149294.54,25483.96,UPI,Delivered
10458,2025-02-07,CUST1275,Ananya Sharma,Female,27,Chandigarh,Punjab,North,PROD148,Dumbbell Set,Sports,Fitness,3146.44,2,12,755.15,5537.73,906.55,Cash on Delivery,Delivered
10459,2025-08-27,CUST1067,Aditya Sharma,Male,18,Patna,Bihar,East,PROD112,Wireless Headphones,Electronics,Audio,1700.16,2,15,510.05,2890.27,351.11,UPI,Delivered
10460,2025-11-11,CUST1113,Arjun Verma,Male,22,Kolkata,West Bengal,East,PROD113,Wireless Headphones,Electronics,Audio,2171.55,3,15,977.2,5537.45,894.41,Net Banking,Delivered
10461,2025-12-12,CUST1089,Sneha Joshi,Female,39,Mumbai,Maharashtra,West,PROD105,Running Shoes,Fashion,Footwear,2514.11,2,16,804.52,4223.7,663.89,UPI,Delivered
10462,2025-10-08,CUST1193,Rohan Deshmukh,Male,28,Nagpur,Maharashtra,West,PROD102,Yoga Mat,Sports,Fitness,780.51,1,15,117.08,663.43,147.85,Net Banking,Delivered
10463,2025-03-24,CUST1244,Aarav Sharma,Male,62,Nagpur,Maharashtra,West,PROD109,Programming Book,Books,Education,1312.46,1,20,262.49,1049.97,216.1,Credit Card,Delivered
10464,2025-05-27,CUST1046,Siddharth Jadhav,Male,58,Chennai,Tamil Nadu,South,PROD120,Office Chair,Furniture,Office Furniture,5507.31,1,10,550.73,4956.58,849.03,Debit Card,Delivered
10465,2026-03-05,CUST1260,Aarav Jadhav,Male,32,Delhi,Delhi,North,PROD130,Power Bank,Electronics,Accessories,2278.52,1,10,227.85,2050.67,0.0,Credit Card,Cancelled
10466,2025-10-11,CUST1023,Vivaan Singh,Male,21,Mumbai,Maharashtra,West,PROD142,Dumbbell Set,Sports,Fitness,5250.15,1,12,630.02,4620.13,742.46,Debit Card,Delivered
10467,2025-10-19,CUST1091,Amit Deshmukh,Male,28,Jaipur,Rajasthan,North,PROD102,Air Fryer,Home & Kitchen,Appliances,11175.6,2,0,0.0,22351.2,3901.56,Net Banking,Delivered
10468,2026-06-12,CUST1117,Arjun Patel,Male,24,Delhi,Delhi,North,PROD116,Yoga Mat,Sports,Fitness,1485.6,1,10,148.56,1337.04,337.98,Net Banking,Delivered
10469,2025-07-24,CUST1199,Sneha Singh,Female,41,Mumbai,Maharashtra,West,PROD109,Study Table,Furniture,Living Room,4760.75,2,5,476.07,9045.43,1249.15,Net Banking,Delivered
10470,2025-07-18,CUST1215,Priya Gupta,Female,28,Delhi,Delhi,North,PROD149,Air Fryer,Home & Kitchen,Appliances,9691.58,1,5,484.58,9207.0,1657.26,Debit Card,Delivered
10471,2025-08-14,CUST1118,Prathmesh Mehta,Male,23,Nagpur,Maharashtra,West,PROD127,Dumbbell Set,Sports,Fitness,5773.25,3,12,2078.37,15241.38,2355.08,Cash on Delivery,Delivered
10472,2026-05-16,CUST1114,Amit Mehta,Male,55,Chennai,Tamil Nadu,South,PROD110,Skin Care Kit,Beauty,Personal Care,740.61,2,5,74.06,1407.16,551.93,Cash on Delivery,Delivered
10473,2025-01-06,CUST1051,Kavya Sharma,Female,46,Pune,Maharashtra,West,PROD132,Study Table,Furniture,Living Room,11059.03,2,10,2211.81,19906.25,2510.23,Credit Card,Delivered
10474,2025-03-27,CUST1246,Isha Sharma,Female,60,Patna,Bihar,East,PROD120,Yoga Mat,Sports,Fitness,870.61,1,5,43.53,827.08,218.7,Credit Card,Delivered
10475,2026-04-16,CUST1238,Riya Reddy,Female,63,Kolkata,West Bengal,East,PROD141,Laptop,Electronics,Laptops,68188.03,5,12,40912.82,300027.33,32577.17,UPI,Delivered
10476,2025-03-14,CUST1042,Sneha Reddy,Female,57,Chandigarh,Punjab,North,PROD122,Casual Shirt,Fashion,Men,1281.44,1,18,230.66,1050.78,227.16,UPI,Delivered
10477,2026-06-12,CUST1288,Priya Sharma,Female,63,Mumbai,Maharashtra,West,PROD150,Office Chair,Furniture,Office Furniture,10620.03,1,5,531.0,10089.03,1819.19,Credit Card,Delivered
10478,2025-05-22,CUST1116,Ananya Singh,Female,38,Hyderabad,Telangana,South,PROD123,Smartphone,Electronics,Smartphones,51081.14,2,10,10216.23,91946.05,3510.14,Debit Card,Delivered
10479,2026-05-31,CUST1273,Kavya Gupta,Female,36,Pune,Maharashtra,West,PROD129,Smartphone,Electronics,Smartphones,35977.76,1,0,0.0,35977.76,5937.5,Cash on Delivery,Delivered
10480,2026-01-12,CUST1076,Aditya Singh,Male,49,Chennai,Tamil Nadu,South,PROD110,Smartphone,Electronics,Smartphones,59591.13,1,0,0.0,59591.13,11479.25,Credit Card,Delivered
10481,2026-06-18,CUST1097,Aarav Gupta,Male,22,Bengaluru,Karnataka,South,PROD102,Running Shoes,Fashion,Footwear,2486.54,2,15,745.96,4227.12,723.71,Credit Card,Delivered
10482,2026-06-17,CUST1156,Ananya Deshmukh,Female,54,Kolkata,West Bengal,East,PROD109,Air Fryer,Home & Kitchen,Appliances,10401.18,2,11,2288.26,18514.1,1187.13,Debit Card,Delivered
10483,2025-06-25,CUST1083,Siddharth Singh,Male,63,Chennai,Tamil Nadu,South,PROD135,Air Fryer,Home & Kitchen,Appliances,10273.12,5,10,5136.56,46229.04,5558.41,Debit Card,Delivered
10484,2025-07-06,CUST1226,Rahul Reddy,Male,34,Patna,Bihar,East,PROD124,Programming Book,Books,Education,614.88,2,0,0.0,1229.76,406.88,Credit Card,Delivered
10485,2025-07-30,CUST1063,Isha Reddy,Female,19,Pune,Maharashtra,West,PROD126,Running Shoes,Fashion,Footwear,3588.0,1,16,574.08,3013.92,432.52,Net Banking,Delivered
10486,2025-05-29,CUST1294,Aditi Joshi,Female,60,Nagpur,Maharashtra,West,PROD110,Laptop,Electronics,Laptops,72307.28,5,10,36153.64,325382.76,34065.91,Cash on Delivery,Delivered
10487,2026-03-29,CUST1113,Ananya Reddy,Female,46,Mumbai,Maharashtra,West,PROD123,Yoga Mat,Sports,Fitness,568.14,2,0,0.0,1136.28,366.55,UPI,Delivered
10488,2025-12-01,CUST1276,Vivaan Mehta,Male,46,Bhubaneswar,Odisha,East,PROD144,Power Bank,Electronics,Accessories,1477.57,2,12,354.62,2600.52,319.12,UPI,Delivered
10489,2026-06-09,CUST1219,Sneha Singh,Female,41,Chennai,Tamil Nadu,South,PROD125,Air Fryer,Home & Kitchen,Appliances,8336.67,2,10,1667.33,15006.01,1665.01,Debit Card,Delivered
10490,2025-01-13,CUST1227,Prathmesh Joshi,Male,36,Chandigarh,Punjab,North,PROD111,Mixer Grinder,Home & Kitchen,Appliances,7270.95,5,10,3635.47,32719.28,3439.53,Net Banking,Delivered
10491,2026-03-01,CUST1193,Rohan Mehta,Male,23,Kolkata,West Bengal,East,PROD101,Smartphone,Electronics,Smartphones,28071.25,1,10,2807.12,25264.13,1707.14,Net Banking,Delivered
10492,2025-10-07,CUST1252,Kavya Kulkarni,Female,20,Hyderabad,Telangana,South,PROD120,Study Table,Furniture,Living Room,14573.41,2,5,1457.34,27689.48,4024.46,Cash on Delivery,Delivered
10493,2025-11-08,CUST1242,Neha Jadhav,Female,25,Patna,Bihar,East,PROD142,Study Table,Furniture,Living Room,15077.07,1,10,1507.71,13569.36,1193.59,Debit Card,Delivered
10494,2026-03-04,CUST1247,Rahul Verma,Male,54,Patna,Bihar,East,PROD128,Running Shoes,Fashion,Footwear,2420.64,1,0,0.0,2420.64,736.53,Debit Card,Delivered
10495,2026-05-03,CUST1070,Arjun Joshi,Male,40,Hyderabad,Telangana,South,PROD111,Yoga Mat,Sports,Fitness,1936.98,2,0,0.0,3873.96,1289.23,UPI,Delivered
10496,2025-10-07,CUST1094,Priya Deshmukh,Female,24,Bhubaneswar,Odisha,East,PROD139,Programming Book,Books,Education,468.2,4,0,0.0,1872.8,672.22,Credit Card,Delivered
10497,2026-07-11,CUST1074,Ananya Joshi,Female,18,Bhubaneswar,Odisha,East,PROD109,Dumbbell Set,Sports,Fitness,4490.13,1,0,0.0,4490.13,1162.61,Cash on Delivery,Delivered
10498,2025-10-16,CUST1287,Priya Verma,Female,57,Bengaluru,Karnataka,South,PROD145,Air Fryer,Home & Kitchen,Appliances,5722.72,4,11,2518.0,20372.88,2355.05,Cash on Delivery,Delivered
10499,2026-06-29,CUST1160,Isha Reddy,Female,62,Mumbai,Maharashtra,West,PROD124,Office Chair,Furniture,Office Furniture,4378.6,2,10,875.72,7881.48,893.03,Credit Card,Delivered
10500,2026-03-29,CUST1073,Meera Jadhav,Female,62,Chandigarh,Punjab,North,PROD115,Wireless Headphones,Electronics,Audio,1801.98,2,15,540.59,3063.37,468.49,Debit Card,Delivered
10501,2025-05-09,CUST1056,Amit Kulkarni,Male,20,Mumbai,Maharashtra,West,PROD143,Office Chair,Furniture,Office Furniture,12516.34,2,10,2503.27,22529.41,2844.59,Cash on Delivery,Delivered
10502,2026-08-31,CUST1106,Vivaan Verma,Male,55,Mumbai,Maharashtra,West,PROD113,Programming Book,Books,Education,492.75,1,0,0.0,492.75,169.13,Credit Card,Delivered
10503,2025-12-26,CUST1124,Aarav Patel,Male,50,Nagpur,Maharashtra,West,PROD137,Skin Care Kit,Beauty,Personal Care,1476.65,2,10,295.33,2657.97,966.7,UPI,Delivered
10504,2025-04-12,CUST1110,Riya Sharma,Female,50,Hyderabad,Telangana,South,PROD146,Power Bank,Electronics,Accessories,3407.09,2,12,817.7,5996.48,870.09,Net Banking,Delivered
10505,2026-01-11,CUST1209,Riya Kulkarni,Female,25,Chennai,Tamil Nadu,South,PROD149,Running Shoes,Fashion,Footwear,2740.41,4,15,1644.25,9317.39,1811.76,Debit Card,Delivered
10506,2025-05-07,CUST1198,Aditi Patel,Female,36,Hyderabad,Telangana,South,PROD130,Wireless Headphones,Electronics,Audio,5293.13,2,0,0.0,10586.26,3064.17,Cash on Delivery,Delivered
10507,2025-11-16,CUST1189,Aditi Singh,Female,29,Hyderabad,Telangana,South,PROD101,Office Chair,Furniture,Office Furniture,13336.71,1,0,0.0,13336.71,2720.53,Net Banking,Delivered
10508,2025-04-18,CUST1087,Sneha Verma,Female,22,Hyderabad,Telangana,South,PROD124,Running Shoes,Fashion,Footwear,2419.93,2,16,774.38,4065.48,582.78,Credit Card,Delivered
10509,2025-12-13,CUST1205,Amit Mehta,Male,40,Bengaluru,Karnataka,South,PROD131,Smartphone,Electronics,Smartphones,34509.32,1,10,3450.93,31058.39,1918.23,Cash on Delivery,Delivered
10510,2026-02-19,CUST1016,Neha Jadhav,Female,24,Jaipur,Rajasthan,North,PROD148,Wireless Headphones,Electronics,Audio,2634.39,3,15,1185.48,6717.69,1022.82,UPI,Delivered
10511,2025-03-11,CUST1267,Neha Khan,Female,49,Pune,Maharashtra,West,PROD130,Wireless Headphones,Electronics,Audio,8631.65,1,15,1294.75,7336.9,888.47,Credit Card,Delivered
10512,2025-10-28,CUST1221,Neha Verma,Female,25,Hyderabad,Telangana,South,PROD125,Mixer Grinder,Home & Kitchen,Appliances,6894.99,2,0,0.0,13789.98,2474.12,Net Banking,Delivered
10513,2025-11-19,CUST1252,Sneha Verma,Female,45,Chennai,Tamil Nadu,South,PROD109,Laptop,Electronics,Laptops,72833.33,1,12,8740.0,64093.33,6324.5,Debit Card,Delivered
10514,2026-02-03,CUST1260,Neha Patel,Female,21,Kolkata,West Bengal,East,PROD126,Running Shoes,Fashion,Footwear,4679.68,2,15,1403.9,7955.46,1516.39,Debit Card,Delivered
10515,2026-05-22,CUST1188,Riya Deshmukh,Female,40,Kolkata,West Bengal,East,PROD148,Running Shoes,Fashion,Footwear,6884.47,1,0,0.0,6884.47,2098.39,Cash on Delivery,Delivered
10516,2025-01-28,CUST1044,Ananya Deshmukh,Female,62,Mumbai,Maharashtra,West,PROD105,Office Chair,Furniture,Office Furniture,7609.71,1,5,380.49,7229.22,1517.5,Debit Card,Delivered
10517,2025-04-28,CUST1137,Ananya Kulkarni,Female,19,Pune,Maharashtra,West,PROD145,Casual Shirt,Fashion,Men,1337.46,1,18,240.74,1096.72,235.09,Net Banking,Delivered
10518,2026-08-26,CUST1173,Aarav Joshi,Male,49,Bengaluru,Karnataka,South,PROD133,Kurti,Fashion,Women,2016.84,1,20,403.37,1613.47,426.8,Debit Card,Delivered
10519,2025-06-20,CUST1110,Meera Gupta,Female,36,Chandigarh,Punjab,North,PROD117,Office Chair,Furniture,Office Furniture,10807.61,1,10,1080.76,9726.85,1745.56,UPI,Delivered
10520,2025-11-01,CUST1035,Riya Deshmukh,Female,54,Delhi,Delhi,North,PROD134,Kurti,Fashion,Women,911.5,2,20,364.6,1458.4,386.32,Net Banking,Delivered
10521,2026-03-14,CUST1129,Amit Joshi,Male,57,Mumbai,Maharashtra,West,PROD133,Running Shoes,Fashion,Footwear,4424.13,3,16,2123.58,11148.81,2153.56,Net Banking,Delivered
10522,2026-07-15,CUST1223,Rahul Sharma,Male,54,Bhubaneswar,Odisha,East,PROD147,Yoga Mat,Sports,Fitness,817.12,2,15,245.14,1389.1,286.18,UPI,Delivered
10523,2026-06-19,CUST1033,Amit Joshi,Male,58,Chennai,Tamil Nadu,South,PROD114,Wireless Headphones,Electronics,Audio,9337.55,1,15,1400.63,7936.92,821.91,Net Banking,Delivered
10524,2025-10-01,CUST1159,Prathmesh Khan,Male,47,Nagpur,Maharashtra,West,PROD132,Mixer Grinder,Home & Kitchen,Appliances,3569.55,2,5,356.95,6782.15,1314.9,Cash on Delivery,Delivered
10525,2026-03-23,CUST1022,Kavya Khan,Female,64,Pune,Maharashtra,West,PROD132,Power Bank,Electronics,Accessories,1254.72,1,10,125.47,1129.25,126.2,UPI,Delivered
10526,2025-02-26,CUST1204,Aditya Joshi,Male,64,Kolkata,West Bengal,East,PROD109,Mixer Grinder,Home & Kitchen,Appliances,7423.33,3,10,2227.0,20042.99,2218.97,Credit Card,Delivered
10527,2025-04-25,CUST1122,Riya Reddy,Female,56,Hyderabad,Telangana,South,PROD108,Programming Book,Books,Education,1329.9,1,20,265.98,1063.92,231.76,Debit Card,Delivered
10528,2025-12-04,CUST1141,Riya Reddy,Female,46,Bengaluru,Karnataka,South,PROD127,Dumbbell Set,Sports,Fitness,2332.5,2,5,233.25,4431.75,1109.29,Debit Card,Delivered
10529,2026-08-27,CUST1075,Vivaan Verma,Male,41,Hyderabad,Telangana,South,PROD131,Air Fryer,Home & Kitchen,Appliances,5347.21,2,11,1176.39,9518.03,735.92,Debit Card,Delivered
10530,2025-11-12,CUST1123,Aarav Khan,Male,34,Kolkata,West Bengal,East,PROD136,Laptop,Electronics,Laptops,78111.17,3,12,28120.02,206213.49,13644.69,Net Banking,Delivered
10531,2025-11-13,CUST1155,Priya Khan,Female,23,Mumbai,Maharashtra,West,PROD149,Casual Shirt,Fashion,Men,1972.24,3,15,887.51,5029.21,1093.06,Credit Card,Delivered
10532,2025-11-01,CUST1252,Amit Kulkarni,Male,48,Chennai,Tamil Nadu,South,PROD148,Running Shoes,Fashion,Footwear,6023.69,1,0,0.0,6023.69,1956.11,Net Banking,Delivered
10533,2025-12-07,CUST1015,Kavya Patel,Female,21,Nagpur,Maharashtra,West,PROD142,Yoga Mat,Sports,Fitness,612.82,1,15,91.92,520.9,89.18,Credit Card,Delivered
10534,2026-03-31,CUST1067,Rohan Sharma,Male,56,Bengaluru,Karnataka,South,PROD144,Power Bank,Electronics,Accessories,1715.68,2,5,171.57,3259.79,617.74,Net Banking,Delivered
10535,2025-11-24,CUST1213,Aditi Verma,Female,41,Patna,Bihar,East,PROD112,Wireless Headphones,Electronics,Audio,8718.4,1,15,1307.76,7410.64,793.65,Net Banking,Delivered
10536,2026-01-22,CUST1087,Riya Singh,Female,21,Pune,Maharashtra,West,PROD126,Laptop,Electronics,Laptops,77355.33,4,0,0.0,309421.32,48674.88,Cash on Delivery,Delivered
10537,2026-03-16,CUST1233,Meera Gupta,Female,61,Nagpur,Maharashtra,West,PROD132,Smartphone,Electronics,Smartphones,21016.51,4,0,0.0,84066.04,12276.03,UPI,Delivered
10538,2025-08-18,CUST1097,Amit Singh,Male,44,Jaipur,Rajasthan,North,PROD112,Mixer Grinder,Home & Kitchen,Appliances,4416.03,2,5,441.6,8390.46,-417.91,Net Banking,Returned
10539,2025-05-30,CUST1166,Aarav Gupta,Male,62,Jaipur,Rajasthan,North,PROD126,Power Bank,Electronics,Accessories,3259.05,2,12,782.17,5735.93,794.08,Credit Card,Delivered
10540,2026-01-28,CUST1024,Kavya Reddy,Female,18,Kolkata,West Bengal,East,PROD117,Mixer Grinder,Home & Kitchen,Appliances,5430.6,1,5,271.53,5159.07,891.12,Cash on Delivery,Delivered
10541,2026-01-26,CUST1174,Prathmesh Deshmukh,Male,47,Bhubaneswar,Odisha,East,PROD109,Air Fryer,Home & Kitchen,Appliances,11191.69,1,5,559.58,10632.11,1790.57,UPI,Delivered
10542,2025-11-21,CUST1145,Pooja Deshmukh,Female,34,Nagpur,Maharashtra,West,PROD140,Mixer Grinder,Home & Kitchen,Appliances,2456.14,1,10,245.61,2210.53,231.27,Debit Card,Delivered
10543,2026-06-14,CUST1226,Ananya Deshmukh,Female,21,Nagpur,Maharashtra,West,PROD113,Air Fryer,Home & Kitchen,Appliances,8184.56,2,11,1800.6,14568.52,1279.92,Credit Card,Delivered
10544,2025-02-25,CUST1288,Kunal Kulkarni,Male,49,Pune,Maharashtra,West,PROD130,Study Table,Furniture,Living Room,13883.48,1,10,1388.35,12495.13,2013.98,Net Banking,Delivered
10545,2025-04-26,CUST1289,Rohan Patel,Male,60,Chandigarh,Punjab,North,PROD138,Smartphone,Electronics,Smartphones,27058.17,1,10,2705.82,24352.35,1180.54,Credit Card,Delivered
10546,2026-08-21,CUST1014,Aarav Jadhav,Male,36,Kolkata,West Bengal,East,PROD144,Wireless Headphones,Electronics,Audio,2306.77,1,15,346.02,1960.75,229.08,UPI,Delivered
10547,2026-02-08,CUST1003,Priya Mehta,Female,39,Mumbai,Maharashtra,West,PROD103,Skin Care Kit,Beauty,Personal Care,780.85,1,15,117.13,663.72,204.17,Cash on Delivery,Delivered
10548,2026-04-09,CUST1029,Ananya Reddy,Female,65,Patna,Bihar,East,PROD105,Programming Book,Books,Education,1196.82,4,0,0.0,4787.28,1637.77,Cash on Delivery,Delivered
10549,2026-01-26,CUST1207,Aditya Deshmukh,Male,36,Jaipur,Rajasthan,North,PROD142,Wireless Headphones,Electronics,Audio,9594.21,1,0,0.0,9594.21,2278.3,Credit Card,Delivered
10550,2025-05-04,CUST1189,Prathmesh Verma,Male,50,Bengaluru,Karnataka,South,PROD113,Yoga Mat,Sports,Fitness,1027.17,3,5,154.08,2927.43,830.09,Net Banking,Delivered
10551,2026-04-02,CUST1219,Sneha Verma,Female,23,Jaipur,Rajasthan,North,PROD103,Kurti,Fashion,Women,907.51,2,10,181.5,1633.52,513.55,Cash on Delivery,Delivered
10552,2025-12-16,CUST1041,Aditi Khan,Female,48,Delhi,Delhi,North,PROD120,Running Shoes,Fashion,Footwear,2606.36,2,16,834.04,4378.68,921.13,Credit Card,Delivered
10553,2025-05-11,CUST1212,Prathmesh Singh,Male,24,Hyderabad,Telangana,South,PROD130,Office Chair,Furniture,Office Furniture,4048.88,1,0,0.0,4048.88,934.31,Cash on Delivery,Delivered
10554,2025-09-17,CUST1202,Priya Gupta,Female,20,Kolkata,West Bengal,East,PROD106,Smartphone,Electronics,Smartphones,12862.24,3,10,3858.67,34728.05,3367.24,Net Banking,Delivered
10555,2025-11-01,CUST1096,Ananya Mehta,Female,31,Patna,Bihar,East,PROD112,Study Table,Furniture,Living Room,10299.27,3,10,3089.78,27808.03,3813.53,UPI,Delivered
10556,2025-09-23,CUST1250,Arjun Deshmukh,Male,37,Hyderabad,Telangana,South,PROD140,Laptop,Electronics,Laptops,50833.91,1,12,6100.07,44733.84,3824.74,Cash on Delivery,Delivered
10557,2026-01-05,CUST1014,Sneha Gupta,Female,31,Mumbai,Maharashtra,West,PROD131,Wireless Headphones,Electronics,Audio,3503.42,1,15,525.51,2977.91,343.4,Credit Card,Delivered
10558,2025-09-05,CUST1079,Kavya Khan,Female,65,Hyderabad,Telangana,South,PROD145,Power Bank,Electronics,Accessories,2901.27,1,12,348.15,2553.12,366.81,Net Banking,Delivered
10559,2026-05-12,CUST1053,Neha Sharma,Female,58,Chennai,Tamil Nadu,South,PROD146,Kurti,Fashion,Women,1378.11,1,20,275.62,1102.49,269.2,Net Banking,Delivered
10560,2026-03-02,CUST1250,Neha Reddy,Female,32,Kolkata,West Bengal,East,PROD146,Kurti,Fashion,Women,2997.76,2,15,899.33,5096.19,1439.38,UPI,Delivered
10561,2026-06-25,CUST1178,Aarav Deshmukh,Male,46,Kolkata,West Bengal,East,PROD145,Air Fryer,Home & Kitchen,Appliances,6508.87,2,11,1431.95,11585.79,1439.37,Net Banking,Delivered
10562,2025-01-22,CUST1240,Rahul Gupta,Male,26,Patna,Bihar,East,PROD119,Power Bank,Electronics,Accessories,2039.09,2,12,489.38,3588.8,255.08,Net Banking,Delivered
10563,2026-03-03,CUST1252,Priya Verma,Female,24,Nagpur,Maharashtra,West,PROD127,Kurti,Fashion,Women,2288.6,1,15,343.29,1945.31,595.03,Net Banking,Delivered
10564,2025-11-07,CUST1258,Kunal Singh,Male,20,Hyderabad,Telangana,South,PROD105,Laptop,Electronics,Laptops,62939.34,5,5,15734.83,298961.87,52335.97,Debit Card,Delivered
10565,2026-03-17,CUST1286,Arjun Mehta,Male,35,Delhi,Delhi,North,PROD110,Smartphone,Electronics,Smartphones,37777.36,2,10,7555.47,67999.25,3094.44,Cash on Delivery,Delivered
10566,2025-04-17,CUST1053,Vivaan Verma,Male,53,Chennai,Tamil Nadu,South,PROD103,Skin Care Kit,Beauty,Personal Care,3429.05,3,22,2263.17,8023.98,1883.36,Cash on Delivery,Delivered
10567,2025-04-18,CUST1051,Rahul Khan,Male,27,Mumbai,Maharashtra,West,PROD142,Skin Care Kit,Beauty,Personal Care,1712.59,1,15,256.89,1455.7,419.33,Debit Card,Delivered
10568,2025-12-09,CUST1044,Rohan Patel,Male,35,Delhi,Delhi,North,PROD124,Study Table,Furniture,Living Room,14769.07,4,10,5907.63,53168.65,7291.49,Net Banking,Delivered
10569,2026-01-05,CUST1265,Kunal Kulkarni,Male,61,Hyderabad,Telangana,South,PROD124,Office Chair,Furniture,Office Furniture,5086.93,3,10,1526.08,13734.71,1583.39,UPI,Delivered
10570,2026-03-30,CUST1032,Rohan Sharma,Male,43,Patna,Bihar,East,PROD149,Dumbbell Set,Sports,Fitness,1533.99,2,12,368.16,2699.82,333.54,UPI,Delivered
10571,2025-06-04,CUST1284,Riya Sharma,Female,37,Bhubaneswar,Odisha,East,PROD147,Yoga Mat,Sports,Fitness,1988.88,3,15,895.0,5071.64,987.97,Debit Card,Delivered
10572,2025-12-19,CUST1227,Aarav Gupta,Male,62,Hyderabad,Telangana,South,PROD123,Kurti,Fashion,Women,2310.68,4,5,462.14,8780.58,2936.16,Net Banking,Delivered
10573,2025-07-22,CUST1110,Prathmesh Patel,Male,23,Pune,Maharashtra,West,PROD133,Casual Shirt,Fashion,Men,1760.16,1,5,88.01,1672.15,543.1,Cash on Delivery,Delivered
10574,2025-11-16,CUST1217,Pooja Joshi,Female,50,Bhubaneswar,Odisha,East,PROD108,Wireless Headphones,Electronics,Audio,10848.35,1,10,1084.84,9763.51,1938.7,UPI,Delivered
10575,2026-01-17,CUST1003,Siddharth Khan,Male,47,Hyderabad,Telangana,South,PROD122,Air Fryer,Home & Kitchen,Appliances,10174.2,1,11,1119.16,9055.04,875.83,Credit Card,Delivered
10576,2026-08-19,CUST1294,Riya Reddy,Female,61,Bhubaneswar,Odisha,East,PROD109,Running Shoes,Fashion,Footwear,4896.85,2,10,979.37,8814.33,1958.58,Net Banking,Delivered
10577,2026-06-17,CUST1211,Kunal Patel,Male,23,Chandigarh,Punjab,North,PROD106,Casual Shirt,Fashion,Men,1916.55,2,0,0.0,3833.1,1458.21,UPI,Delivered
10578,2026-03-12,CUST1136,Rohan Verma,Male,55,Delhi,Delhi,North,PROD132,Study Table,Furniture,Living Room,13475.51,1,10,1347.55,12127.96,1490.88,Net Banking,Delivered
10579,2026-03-27,CUST1271,Neha Reddy,Female,25,Bengaluru,Karnataka,South,PROD145,Skin Care Kit,Beauty,Personal Care,2116.2,1,15,317.43,1798.77,590.45,Credit Card,Delivered
10580,2026-04-12,CUST1062,Neha Sharma,Female,41,Patna,Bihar,East,PROD137,Wireless Headphones,Electronics,Audio,5377.99,4,15,3226.79,18285.17,2245.68,Debit Card,Delivered
10581,2025-02-11,CUST1216,Pooja Kulkarni,Female,21,Mumbai,Maharashtra,West,PROD120,Air Fryer,Home & Kitchen,Appliances,7308.45,1,0,0.0,7308.45,1248.35,Debit Card,Delivered
10582,2025-08-09,CUST1290,Rahul Reddy,Male,46,Chennai,Tamil Nadu,South,PROD122,Laptop,Electronics,Laptops,62432.45,1,12,7491.89,54940.56,4893.64,Net Banking,Delivered
10583,2026-05-02,CUST1210,Meera Kulkarni,Female,42,Nagpur,Maharashtra,West,PROD115,Casual Shirt,Fashion,Men,1818.69,2,5,181.87,3455.51,1048.72,Net Banking,Delivered
10584,2025-12-14,CUST1159,Isha Sharma,Female,53,Bhubaneswar,Odisha,East,PROD142,Programming Book,Books,Education,788.33,1,5,39.42,748.91,234.63,UPI,Delivered
10585,2026-07-27,CUST1010,Aditya Singh,Male,25,Kolkata,West Bengal,East,PROD143,Casual Shirt,Fashion,Men,684.6,2,5,68.46,1300.74,404.04,Cash on Delivery,Delivered
10586,2025-07-04,CUST1206,Aarav Gupta,Male,55,Delhi,Delhi,North,PROD103,Power Bank,Electronics,Accessories,3081.19,3,0,0.0,9243.57,1755.37,Net Banking,Delivered
10587,2025-01-24,CUST1087,Ananya Deshmukh,Female,36,Nagpur,Maharashtra,West,PROD110,Office Chair,Furniture,Office Furniture,9570.87,1,0,0.0,9570.87,2476.48,Credit Card,Delivered
10588,2025-09-19,CUST1153,Aditya Kulkarni,Male,42,Jaipur,Rajasthan,North,PROD107,Office Chair,Furniture,Office Furniture,4177.51,2,10,835.5,7519.52,1287.19,Debit Card,Delivered
10589,2025-05-26,CUST1253,Kavya Joshi,Female,50,Jaipur,Rajasthan,North,PROD149,Office Chair,Furniture,Office Furniture,13844.27,4,5,2768.85,52608.23,9081.86,Cash on Delivery,Delivered
10590,2026-01-30,CUST1010,Arjun Gupta,Male,35,Pune,Maharashtra,West,PROD136,Air Fryer,Home & Kitchen,Appliances,7553.07,2,11,1661.68,13444.46,1094.35,Cash on Delivery,Delivered
10591,2025-04-14,CUST1192,Kunal Jadhav,Male,52,Bhubaneswar,Odisha,East,PROD111,Dumbbell Set,Sports,Fitness,3927.58,1,12,471.31,3456.27,633.39,Credit Card,Delivered
10592,2026-07-05,CUST1001,Kavya Jadhav,Female,21,Chennai,Tamil Nadu,South,PROD131,Laptop,Electronics,Laptops,68232.6,1,12,8187.91,60044.69,5994.47,Debit Card,Delivered
10593,2025-09-14,CUST1203,Sneha Joshi,Female,62,Bhubaneswar,Odisha,East,PROD108,Power Bank,Electronics,Accessories,2226.85,2,12,534.44,3919.26,389.52,Credit Card,Delivered
10594,2026-07-24,CUST1232,Siddharth Deshmukh,Male,35,Delhi,Delhi,North,PROD116,Kurti,Fashion,Women,2544.73,2,20,1017.89,4071.57,836.94,Debit Card,Delivered
10595,2025-12-16,CUST1005,Amit Verma,Male,61,Kolkata,West Bengal,East,PROD112,Air Fryer,Home & Kitchen,Appliances,9688.84,1,0,0.0,9688.84,1785.38,Net Banking,Delivered
10596,2026-07-24,CUST1228,Neha Deshmukh,Female,61,Hyderabad,Telangana,South,PROD108,Smartphone,Electronics,Smartphones,46402.16,3,0,0.0,139206.48,18475.24,Debit Card,Delivered
10597,2026-01-21,CUST1099,Meera Joshi,Female,46,Bengaluru,Karnataka,South,PROD101,Wireless Headphones,Electronics,Audio,10024.63,3,15,4511.08,25562.81,4107.45,Credit Card,Delivered
10598,2025-01-21,CUST1186,Siddharth Khan,Male,20,Patna,Bihar,East,PROD118,Air Fryer,Home & Kitchen,Appliances,10622.11,1,5,531.11,10091.0,1719.84,Net Banking,Delivered
10599,2025-08-03,CUST1290,Aarav Singh,Male,61,Bhubaneswar,Odisha,East,PROD144,Office Chair,Furniture,Office Furniture,6689.5,1,5,334.48,6355.02,1191.16,Cash on Delivery,Delivered
10600,2026-08-02,CUST1141,Rahul Patel,Male,30,Kolkata,West Bengal,East,PROD144,Wireless Headphones,Electronics,Audio,2838.02,2,15,851.41,4824.63,495.26,UPI,Delivered
10601,2026-06-30,CUST1209,Meera Gupta,Female,35,Bhubaneswar,Odisha,East,PROD108,Casual Shirt,Fashion,Men,603.13,3,0,0.0,1809.39,613.47,Cash on Delivery,Delivered
10602,2026-04-23,CUST1201,Neha Joshi,Female,30,Hyderabad,Telangana,South,PROD122,Dumbbell Set,Sports,Fitness,4661.86,1,12,559.42,4102.44,648.29,UPI,Delivered
10603,2026-08-09,CUST1050,Aarav Reddy,Male,19,Delhi,Delhi,North,PROD131,Yoga Mat,Sports,Fitness,626.55,1,5,31.33,595.22,169.95,Net Banking,Delivered
10604,2025-01-25,CUST1267,Riya Khan,Female,33,Chandigarh,Punjab,North,PROD105,Skin Care Kit,Beauty,Personal Care,1001.95,1,10,100.19,901.76,291.62,Cash on Delivery,Delivered
10605,2026-03-26,CUST1034,Arjun Khan,Male,26,Chennai,Tamil Nadu,South,PROD104,Kurti,Fashion,Women,2941.41,1,20,588.28,2353.13,576.93,Net Banking,Delivered
10606,2025-02-26,CUST1211,Prathmesh Mehta,Male,32,Bhubaneswar,Odisha,East,PROD139,Office Chair,Furniture,Office Furniture,11291.99,1,10,1129.2,10162.79,1209.77,Cash on Delivery,Delivered
10607,2025-01-11,CUST1099,Aditi Deshmukh,Female,24,Chennai,Tamil Nadu,South,PROD107,Dumbbell Set,Sports,Fitness,4177.01,1,0,0.0,4177.01,1104.19,UPI,Delivered
10608,2025-03-11,CUST1023,Riya Singh,Female,21,Kolkata,West Bengal,East,PROD109,Wireless Headphones,Electronics,Audio,4191.0,2,15,1257.3,7124.7,963.83,Debit Card,Delivered
10609,2026-08-22,CUST1176,Kavya Jadhav,Female,36,Bhubaneswar,Odisha,East,PROD124,Dumbbell Set,Sports,Fitness,4001.6,1,5,200.08,3801.52,940.58,UPI,Delivered
10610,2026-06-15,CUST1101,Riya Khan,Female,30,Bhubaneswar,Odisha,East,PROD141,Wireless Headphones,Electronics,Audio,6824.63,1,15,1023.69,5800.94,594.0,Credit Card,Delivered
10611,2025-03-12,CUST1172,Ananya Singh,Female,57,Bhubaneswar,Odisha,East,PROD120,Study Table,Furniture,Living Room,17746.93,2,10,3549.39,31944.47,3075.73,Net Banking,Delivered
10612,2025-12-03,CUST1239,Rahul Patel,Male,57,Chennai,Tamil Nadu,South,PROD114,Programming Book,Books,Education,459.07,3,0,0.0,1377.21,484.27,Credit Card,Delivered
10613,2026-05-08,CUST1059,Ananya Reddy,Female,27,Bengaluru,Karnataka,South,PROD119,Power Bank,Electronics,Accessories,3047.82,1,0,0.0,3047.82,739.68,Net Banking,Delivered
10614,2025-07-19,CUST1284,Riya Joshi,Female,33,Pune,Maharashtra,West,PROD112,Laptop,Electronics,Laptops,59205.04,1,10,5920.5,53284.54,4508.46,Credit Card,Delivered
10615,2025-01-23,CUST1234,Rahul Gupta,Male,33,Mumbai,Maharashtra,West,PROD124,Laptop,Electronics,Laptops,51862.18,3,0,0.0,155586.54,31775.02,Debit Card,Delivered
10616,2025-06-25,CUST1273,Pooja Mehta,Female,42,Bengaluru,Karnataka,South,PROD145,Programming Book,Books,Education,565.89,2,20,226.36,905.42,205.24,Debit Card,Delivered
10617,2025-11-22,CUST1127,Meera Deshmukh,Female,21,Bhubaneswar,Odisha,East,PROD141,Power Bank,Electronics,Accessories,2884.01,4,12,1384.32,10151.72,1232.27,Debit Card,Delivered
10618,2025-05-10,CUST1199,Pooja Mehta,Female,59,Chennai,Tamil Nadu,South,PROD149,Power Bank,Electronics,Accessories,2940.13,2,12,705.63,5174.63,492.34,Cash on Delivery,Delivered
10619,2026-01-19,CUST1299,Neha Jadhav,Female,59,Chennai,Tamil Nadu,South,PROD103,Wireless Headphones,Electronics,Audio,5425.73,1,15,813.86,4611.87,613.22,Credit Card,Delivered
10620,2025-08-13,CUST1282,Amit Verma,Male,23,Delhi,Delhi,North,PROD109,Office Chair,Furniture,Office Furniture,8387.76,1,5,419.39,7968.37,1267.62,UPI,Delivered
10621,2025-10-30,CUST1189,Aditi Jadhav,Female,49,Chandigarh,Punjab,North,PROD121,Power Bank,Electronics,Accessories,2109.66,2,12,506.32,3713.0,403.02,Debit Card,Delivered
10622,2026-01-27,CUST1280,Aarav Kulkarni,Male,59,Chennai,Tamil Nadu,South,PROD106,Power Bank,Electronics,Accessories,1097.31,1,12,131.68,965.63,117.18,Debit Card,Delivered
10623,2025-08-22,CUST1141,Arjun Patel,Male,30,Mumbai,Maharashtra,West,PROD146,Air Fryer,Home & Kitchen,Appliances,6002.3,1,10,600.23,5402.07,664.74,Cash on Delivery,Delivered
10624,2025-05-22,CUST1297,Isha Gupta,Female,59,Pune,Maharashtra,West,PROD101,Dumbbell Set,Sports,Fitness,5147.08,1,12,617.65,4529.43,760.44,Net Banking,Delivered
10625,2026-06-09,CUST1237,Rohan Deshmukh,Male,39,Delhi,Delhi,North,PROD106,Power Bank,Electronics,Accessories,1445.68,2,12,346.96,2544.4,206.47,Debit Card,Delivered
10626,2025-07-12,CUST1005,Kavya Reddy,Female,49,Bengaluru,Karnataka,South,PROD143,Power Bank,Electronics,Accessories,3117.65,1,5,155.88,2961.77,487.66,Debit Card,Delivered
10627,2025-12-14,CUST1017,Kunal Deshmukh,Male,26,Bengaluru,Karnataka,South,PROD110,Running Shoes,Fashion,Footwear,5766.78,3,10,1730.03,15570.31,3831.29,Debit Card,Delivered
10628,2026-08-05,CUST1244,Meera Mehta,Female,24,Kolkata,West Bengal,East,PROD122,Skin Care Kit,Beauty,Personal Care,1767.69,1,22,388.89,1378.8,375.74,Cash on Delivery,Delivered
10629,2026-04-08,CUST1102,Prathmesh Patel,Male,22,Nagpur,Maharashtra,West,PROD125,Smartphone,Electronics,Smartphones,21414.71,2,10,4282.94,38546.48,2348.88,Debit Card,Delivered
10630,2025-07-30,CUST1201,Kunal Gupta,Male,28,Bhubaneswar,Odisha,East,PROD108,Casual Shirt,Fashion,Men,691.93,1,5,34.6,657.33,221.33,Credit Card,Delivered
10631,2026-07-04,CUST1244,Kavya Verma,Female,28,Patna,Bihar,East,PROD139,Smartphone,Electronics,Smartphones,59890.14,1,5,2994.51,56895.63,7624.23,Cash on Delivery,Delivered
10632,2025-11-14,CUST1127,Riya Singh,Female,51,Hyderabad,Telangana,South,PROD122,Yoga Mat,Sports,Fitness,968.25,2,5,96.83,1839.67,511.07,Cash on Delivery,Delivered
10633,2026-05-18,CUST1153,Aditi Verma,Female,43,Kolkata,West Bengal,East,PROD140,Laptop,Electronics,Laptops,59395.59,2,12,14254.94,104536.24,8971.65,Credit Card,Delivered
10634,2026-03-02,CUST1023,Kunal Kulkarni,Male,33,Kolkata,West Bengal,East,PROD111,Yoga Mat,Sports,Fitness,1153.93,1,15,173.09,980.84,214.61,Debit Card,Delivered
10635,2026-07-05,CUST1063,Prathmesh Khan,Male,41,Mumbai,Maharashtra,West,PROD105,Yoga Mat,Sports,Fitness,2033.8,2,15,610.14,3457.46,675.59,UPI,Delivered
10636,2026-06-01,CUST1237,Ananya Deshmukh,Female,42,Chennai,Tamil Nadu,South,PROD122,Wireless Headphones,Electronics,Audio,6813.68,1,0,0.0,6813.68,1716.21,Net Banking,Delivered
10637,2025-07-19,CUST1281,Sneha Sharma,Female,60,Pune,Maharashtra,West,PROD116,Mixer Grinder,Home & Kitchen,Appliances,7519.39,1,10,751.94,6767.45,850.42,Net Banking,Delivered
10638,2025-05-24,CUST1040,Neha Gupta,Female,60,Nagpur,Maharashtra,West,PROD149,Wireless Headphones,Electronics,Audio,7873.38,3,0,0.0,23620.14,6115.51,UPI,Delivered
10639,2025-10-07,CUST1268,Rohan Verma,Male,59,Chandigarh,Punjab,North,PROD143,Wireless Headphones,Electronics,Audio,1861.67,1,5,93.08,1768.59,400.56,UPI,Delivered
10640,2026-02-04,CUST1123,Prathmesh Verma,Male,30,Pune,Maharashtra,West,PROD106,Kurti,Fashion,Women,2476.54,1,20,495.31,1981.23,409.55,UPI,Delivered
10641,2026-03-08,CUST1086,Aarav Sharma,Male,64,Chandigarh,Punjab,North,PROD111,Skin Care Kit,Beauty,Personal Care,2573.06,1,0,0.0,2573.06,1011.13,UPI,Delivered
10642,2026-03-02,CUST1119,Pooja Patel,Female,31,Chandigarh,Punjab,North,PROD107,Air Fryer,Home & Kitchen,Appliances,5921.61,2,11,1302.75,10540.47,1066.42,Debit Card,Delivered
10643,2025-11-28,CUST1189,Rahul Sharma,Male,20,Bengaluru,Karnataka,South,PROD105,Running Shoes,Fashion,Footwear,3823.77,1,0,0.0,3823.77,1149.23,Credit Card,Delivered
10644,2026-02-25,CUST1049,Prathmesh Mehta,Male,56,Chennai,Tamil Nadu,South,PROD121,Smartphone,Electronics,Smartphones,53936.77,2,10,10787.35,97086.19,6197.97,Net Banking,Delivered
10645,2025-05-17,CUST1300,Ananya Kulkarni,Female,46,Bhubaneswar,Odisha,East,PROD125,Dumbbell Set,Sports,Fitness,2726.24,3,12,981.45,7197.27,1165.11,Cash on Delivery,Delivered
10646,2025-08-27,CUST1125,Pooja Mehta,Female,57,Patna,Bihar,East,PROD106,Laptop,Electronics,Laptops,75817.43,1,12,9098.09,66719.34,6551.16,UPI,Delivered
10647,2025-05-21,CUST1169,Priya Verma,Female,26,Jaipur,Rajasthan,North,PROD118,Power Bank,Electronics,Accessories,1431.4,1,12,171.77,1259.63,81.34,Debit Card,Delivered
10648,2025-02-10,CUST1277,Pooja Deshmukh,Female,21,Bhubaneswar,Odisha,East,PROD143,Skin Care Kit,Beauty,Personal Care,766.34,1,22,168.59,597.75,151.83,Credit Card,Delivered
10649,2025-08-16,CUST1073,Meera Deshmukh,Female,31,Hyderabad,Telangana,South,PROD109,Air Fryer,Home & Kitchen,Appliances,9223.37,1,11,1014.57,8208.8,1051.79,UPI,Delivered
10650,2025-06-27,CUST1091,Riya Jadhav,Female,56,Delhi,Delhi,North,PROD116,Power Bank,Electronics,Accessories,2008.22,2,5,200.82,3815.62,586.56,Debit Card,Delivered
10651,2025-10-20,CUST1226,Riya Verma,Female,45,Bhubaneswar,Odisha,East,PROD133,Power Bank,Electronics,Accessories,2931.35,1,10,293.13,2638.22,349.79,Cash on Delivery,Delivered
10652,2026-03-20,CUST1079,Rohan Verma,Male,53,Pune,Maharashtra,West,PROD147,Dumbbell Set,Sports,Fitness,5299.4,1,12,635.93,4663.47,597.75,Credit Card,Delivered
10653,2025-09-21,CUST1080,Sneha Verma,Female,30,Jaipur,Rajasthan,North,PROD101,Study Table,Furniture,Living Room,11869.99,1,10,1187.0,10682.99,1639.97,UPI,Delivered
10654,2026-05-28,CUST1037,Priya Verma,Female,44,Bengaluru,Karnataka,South,PROD103,Programming Book,Books,Education,952.51,1,15,142.88,809.63,200.37,UPI,Delivered
10655,2026-01-30,CUST1251,Riya Kulkarni,Female,58,Delhi,Delhi,North,PROD145,Dumbbell Set,Sports,Fitness,2425.24,1,12,291.03,2134.21,306.18,Debit Card,Delivered
10656,2025-03-01,CUST1076,Sneha Deshmukh,Female,34,Patna,Bihar,East,PROD139,Power Bank,Electronics,Accessories,989.72,1,12,118.77,870.95,81.72,Net Banking,Delivered
10657,2025-05-31,CUST1204,Siddharth Singh,Male,63,Kolkata,West Bengal,East,PROD138,Kurti,Fashion,Women,2635.49,4,0,0.0,10541.96,4019.04,UPI,Delivered
10658,2026-06-15,CUST1158,Amit Deshmukh,Male,64,Nagpur,Maharashtra,West,PROD127,Skin Care Kit,Beauty,Personal Care,2637.14,1,20,527.43,2109.71,528.59,UPI,Delivered
10659,2025-04-22,CUST1252,Riya Joshi,Female,18,Nagpur,Maharashtra,West,PROD107,Mixer Grinder,Home & Kitchen,Appliances,7594.1,2,10,1518.82,13669.38,2240.83,UPI,Delivered
10660,2026-03-04,CUST1057,Pooja Deshmukh,Female,46,Bhubaneswar,Odisha,East,PROD137,Mixer Grinder,Home & Kitchen,Appliances,3189.68,2,5,318.97,6060.39,1172.16,Credit Card,Delivered
10661,2025-07-10,CUST1056,Amit Sharma,Male,58,Patna,Bihar,East,PROD111,Wireless Headphones,Electronics,Audio,3514.79,3,15,1581.66,8962.71,908.56,UPI,Delivered
10662,2025-10-28,CUST1032,Aditya Deshmukh,Male,35,Mumbai,Maharashtra,West,PROD149,Mixer Grinder,Home & Kitchen,Appliances,2372.07,1,10,237.21,2134.86,236.16,UPI,Delivered
10663,2026-08-20,CUST1173,Vivaan Patel,Male,56,Delhi,Delhi,North,PROD128,Casual Shirt,Fashion,Men,1201.07,3,10,360.32,3242.89,844.85,Debit Card,Delivered
10664,2026-01-15,CUST1002,Ananya Joshi,Female,47,Delhi,Delhi,North,PROD145,Air Fryer,Home & Kitchen,Appliances,7338.27,2,10,1467.65,13208.89,950.56,Net Banking,Delivered
10665,2025-05-23,CUST1244,Aarav Mehta,Male,50,Mumbai,Maharashtra,West,PROD127,Skin Care Kit,Beauty,Personal Care,3362.97,2,22,1479.71,5246.23,1362.53,Credit Card,Delivered
10666,2025-01-04,CUST1042,Ananya Sharma,Female,40,Bhubaneswar,Odisha,East,PROD128,Air Fryer,Home & Kitchen,Appliances,11771.98,3,11,3884.75,31431.19,3600.94,Net Banking,Delivered
10667,2025-04-13,CUST1017,Sneha Gupta,Female,26,Kolkata,West Bengal,East,PROD132,Power Bank,Electronics,Accessories,3161.63,2,12,758.79,5564.47,452.05,UPI,Delivered
10668,2025-11-05,CUST1046,Isha Verma,Female,24,Nagpur,Maharashtra,West,PROD128,Programming Book,Books,Education,561.95,1,5,28.1,533.85,182.5,UPI,Delivered
10669,2025-06-14,CUST1274,Ananya Deshmukh,Female,58,Jaipur,Rajasthan,North,PROD147,Power Bank,Electronics,Accessories,2631.42,2,12,631.54,4631.3,419.54,Net Banking,Delivered
10670,2025-04-03,CUST1224,Ananya Singh,Female,32,Kolkata,West Bengal,East,PROD115,Dumbbell Set,Sports,Fitness,1510.4,4,12,724.99,5316.61,790.61,Debit Card,Delivered
10671,2025-04-29,CUST1161,Prathmesh Patel,Male,42,Mumbai,Maharashtra,West,PROD137,Smartphone,Electronics,Smartphones,43386.63,1,0,0.0,43386.63,6819.42,UPI,Delivered
10672,2025-11-15,CUST1065,Vivaan Mehta,Male,51,Hyderabad,Telangana,South,PROD143,Power Bank,Electronics,Accessories,3447.61,3,10,1034.28,9308.55,936.84,Cash on Delivery,Delivered
10673,2026-08-28,CUST1234,Kunal Patel,Male,27,Bengaluru,Karnataka,South,PROD139,Laptop,Electronics,Laptops,68030.14,2,10,13606.03,122454.25,9172.29,Debit Card,Delivered
10674,2025-05-30,CUST1254,Vivaan Mehta,Male,36,Chandigarh,Punjab,North,PROD146,Mixer Grinder,Home & Kitchen,Appliances,6193.88,2,10,1238.78,11148.98,1406.8,Net Banking,Delivered
10675,2025-03-02,CUST1250,Ananya Kulkarni,Female,64,Patna,Bihar,East,PROD126,Power Bank,Electronics,Accessories,3329.53,3,0,0.0,9988.59,1813.26,Debit Card,Delivered
10676,2025-06-13,CUST1145,Aarav Jadhav,Male,36,Bengaluru,Karnataka,South,PROD145,Air Fryer,Home & Kitchen,Appliances,8050.66,1,11,885.57,7165.09,727.3,Credit Card,Delivered
10677,2026-07-16,CUST1235,Sneha Patel,Female,59,Nagpur,Maharashtra,West,PROD111,Air Fryer,Home & Kitchen,Appliances,8852.88,3,11,2921.45,23637.19,1500.14,Cash on Delivery,Delivered
10678,2025-05-21,CUST1186,Aditi Reddy,Female,64,Chennai,Tamil Nadu,South,PROD137,Mixer Grinder,Home & Kitchen,Appliances,3416.64,3,10,1024.99,9224.93,1372.6,UPI,Delivered
10679,2025-06-01,CUST1264,Sneha Deshmukh,Female,59,Bhubaneswar,Odisha,East,PROD122,Skin Care Kit,Beauty,Personal Care,857.73,1,15,128.66,729.07,236.99,Cash on Delivery,Delivered
10680,2026-03-21,CUST1193,Rohan Khan,Male,62,Patna,Bihar,East,PROD143,Office Chair,Furniture,Office Furniture,4866.23,1,10,486.62,4379.61,576.67,UPI,Delivered
10681,2026-04-20,CUST1261,Sneha Gupta,Female,32,Bhubaneswar,Odisha,East,PROD102,Running Shoes,Fashion,Footwear,1860.33,1,0,0.0,1860.33,578.9,Cash on Delivery,Delivered
10682,2026-08-10,CUST1153,Riya Verma,Female,54,Jaipur,Rajasthan,North,PROD109,Yoga Mat,Sports,Fitness,1850.38,2,15,555.11,3145.65,477.41,UPI,Delivered
10683,2025-11-30,CUST1033,Aditya Reddy,Male,51,Hyderabad,Telangana,South,PROD138,Wireless Headphones,Electronics,Audio,8857.79,1,15,1328.67,7529.12,815.94,Cash on Delivery,Delivered
10684,2025-05-08,CUST1066,Amit Khan,Male,54,Mumbai,Maharashtra,West,PROD114,Wireless Headphones,Electronics,Audio,8799.77,3,15,3959.9,22439.41,2401.42,Credit Card,Delivered
10685,2025-03-31,CUST1001,Isha Gupta,Female,33,Pune,Maharashtra,West,PROD120,Smartphone,Electronics,Smartphones,38825.86,5,10,19412.93,174716.37,0.0,UPI,Cancelled
10686,2026-06-16,CUST1051,Prathmesh Khan,Male,60,Hyderabad,Telangana,South,PROD103,Study Table,Furniture,Living Room,10866.2,1,10,1086.62,9779.58,1133.95,Credit Card,Delivered
10687,2025-02-07,CUST1217,Amit Kulkarni,Male,22,Jaipur,Rajasthan,North,PROD136,Skin Care Kit,Beauty,Personal Care,3380.78,3,5,507.12,9635.22,3590.83,Debit Card,Delivered
10688,2025-09-24,CUST1138,Sneha Khan,Female,58,Nagpur,Maharashtra,West,PROD145,Office Chair,Furniture,Office Furniture,14364.52,2,5,1436.45,27292.59,5147.66,Credit Card,Delivered
10689,2026-01-17,CUST1195,Riya Khan,Female,19,Bhubaneswar,Odisha,East,PROD139,Skin Care Kit,Beauty,Personal Care,1159.32,2,22,510.1,1808.54,461.22,Credit Card,Delivered
10690,2025-03-21,CUST1140,Siddharth Patel,Male,27,Hyderabad,Telangana,South,PROD115,Smartphone,Electronics,Smartphones,33559.41,2,0,0.0,67118.82,11627.95,Debit Card,Delivered
10691,2025-01-11,CUST1251,Arjun Deshmukh,Male,24,Delhi,Delhi,North,PROD134,Office Chair,Furniture,Office Furniture,12501.44,4,10,5000.58,45005.18,5784.23,Debit Card,Delivered
10692,2026-08-09,CUST1273,Prathmesh Jadhav,Male,53,Jaipur,Rajasthan,North,PROD139,Kurti,Fashion,Women,810.32,1,15,121.55,688.77,208.35,Net Banking,Delivered
10693,2026-05-04,CUST1028,Riya Kulkarni,Female,64,Jaipur,Rajasthan,North,PROD141,Laptop,Electronics,Laptops,80661.13,2,5,8066.11,153256.15,24399.11,Debit Card,Delivered
10694,2025-09-13,CUST1220,Meera Deshmukh,Female,51,Patna,Bihar,East,PROD146,Study Table,Furniture,Living Room,17807.45,1,10,1780.74,16026.71,1991.58,Credit Card,Delivered
10695,2025-11-09,CUST1030,Aditya Gupta,Male,23,Bengaluru,Karnataka,South,PROD148,Dumbbell Set,Sports,Fitness,1632.67,1,5,81.63,1551.04,295.88,Debit Card,Delivered
10696,2026-07-22,CUST1273,Neha Sharma,Female,62,Bengaluru,Karnataka,South,PROD108,Running Shoes,Fashion,Footwear,5600.15,2,16,1792.05,9408.25,1555.02,Net Banking,Delivered
10697,2025-01-15,CUST1271,Meera Singh,Female,61,Patna,Bihar,East,PROD139,Laptop,Electronics,Laptops,80129.59,2,5,8012.96,152246.22,16959.65,UPI,Delivered
10698,2026-04-05,CUST1217,Rahul Khan,Male,49,Hyderabad,Telangana,South,PROD125,Programming Book,Books,Education,505.17,1,20,101.03,404.14,80.3,Credit Card,Delivered
10699,2026-01-18,CUST1136,Arjun Joshi,Male,31,Bhubaneswar,Odisha,East,PROD101,Power Bank,Electronics,Accessories,3112.02,3,12,1120.33,8215.73,1000.03,Cash on Delivery,Delivered
10700,2026-02-08,CUST1004,Amit Gupta,Male,57,Bhubaneswar,Odisha,East,PROD130,Casual Shirt,Fashion,Men,656.69,3,18,354.61,1615.46,313.98,Debit Card,Delivered
10701,2025-11-02,CUST1271,Priya Patel,Female,50,Pune,Maharashtra,West,PROD110,Air Fryer,Home & Kitchen,Appliances,5896.18,3,0,0.0,17688.54,3491.84,Net Banking,Delivered
10702,2025-05-07,CUST1275,Neha Sharma,Female,35,Nagpur,Maharashtra,West,PROD107,Dumbbell Set,Sports,Fitness,2285.26,2,10,457.05,4113.47,778.8,Net Banking,Delivered
10703,2026-03-26,CUST1021,Rahul Kulkarni,Male,26,Chandigarh,Punjab,North,PROD126,Yoga Mat,Sports,Fitness,1110.7,1,15,166.6,944.1,199.37,Net Banking,Delivered
10704,2025-12-06,CUST1254,Vivaan Kulkarni,Male,61,Bhubaneswar,Odisha,East,PROD146,Power Bank,Electronics,Accessories,3395.22,4,12,1629.71,11951.17,1622.19,Credit Card,Delivered
10705,2025-11-29,CUST1177,Sneha Jadhav,Female,50,Patna,Bihar,East,PROD101,Programming Book,Books,Education,1555.9,2,0,0.0,3111.8,1066.18,Credit Card,Delivered
10706,2025-02-23,CUST1079,Ananya Deshmukh,Female,64,Kolkata,West Bengal,East,PROD133,Yoga Mat,Sports,Fitness,1316.33,1,0,0.0,1316.33,387.08,Credit Card,Delivered
10707,2025-09-13,CUST1093,Siddharth Patel,Male,30,Jaipur,Rajasthan,North,PROD138,Yoga Mat,Sports,Fitness,1895.04,1,0,0.0,1895.04,564.4,Credit Card,Delivered
10708,2025-08-23,CUST1027,Arjun Kulkarni,Male,42,Bengaluru,Karnataka,South,PROD127,Laptop,Electronics,Laptops,54608.87,1,0,0.0,54608.87,10031.91,Cash on Delivery,Delivered
10709,2025-11-10,CUST1180,Kunal Singh,Male,63,Chandigarh,Punjab,North,PROD127,Office Chair,Furniture,Office Furniture,9363.43,2,10,1872.69,16854.17,2978.96,Credit Card,Delivered
10710,2025-11-24,CUST1221,Vivaan Kulkarni,Male,29,Pune,Maharashtra,West,PROD117,Laptop,Electronics,Laptops,82237.74,1,12,9868.53,72369.21,7280.03,Net Banking,Delivered
10711,2026-01-08,CUST1186,Ananya Gupta,Female,65,Mumbai,Maharashtra,West,PROD150,Smartphone,Electronics,Smartphones,48196.96,2,10,9639.39,86754.53,8774.88,Cash on Delivery,Delivered
10712,2026-06-26,CUST1062,Meera Joshi,Female,20,Delhi,Delhi,North,PROD138,Running Shoes,Fashion,Footwear,4838.5,1,0,0.0,4838.5,1614.99,Credit Card,Delivered
10713,2025-07-17,CUST1066,Aditi Patel,Female,30,Mumbai,Maharashtra,West,PROD127,Casual Shirt,Fashion,Men,1082.36,2,5,108.24,2056.48,666.27,Cash on Delivery,Delivered
10714,2025-09-16,CUST1258,Isha Joshi,Female,19,Chandigarh,Punjab,North,PROD111,Study Table,Furniture,Living Room,5644.01,2,10,1128.8,10159.22,1330.09,Cash on Delivery,Delivered
10715,2025-10-08,CUST1263,Rohan Gupta,Male,22,Pune,Maharashtra,West,PROD111,Kurti,Fashion,Women,2936.69,1,15,440.5,2496.19,703.57,Net Banking,Delivered
10716,2026-06-06,CUST1263,Sneha Jadhav,Female,47,Bengaluru,Karnataka,South,PROD133,Office Chair,Furniture,Office Furniture,5879.63,2,10,1175.93,10583.33,1781.64,Cash on Delivery,Delivered
10717,2025-09-23,CUST1076,Prathmesh Singh,Male,35,Jaipur,Rajasthan,North,PROD109,Yoga Mat,Sports,Fitness,702.48,1,15,105.37,597.11,124.34,Debit Card,Delivered
10718,2025-02-22,CUST1282,Kunal Singh,Male,34,Hyderabad,Telangana,South,PROD147,Smartphone,Electronics,Smartphones,30415.48,1,10,3041.55,27373.93,2316.78,Credit Card,Delivered
10719,2026-02-23,CUST1276,Meera Gupta,Female,60,Chandigarh,Punjab,North,PROD150,Laptop,Electronics,Laptops,45520.41,2,10,9104.08,81936.74,10575.03,Cash on Delivery,Delivered
10720,2025-04-19,CUST1298,Sneha Khan,Female,58,Jaipur,Rajasthan,North,PROD149,Skin Care Kit,Beauty,Personal Care,2392.16,2,15,717.65,4066.67,1311.31,Net Banking,Delivered
10721,2025-06-09,CUST1091,Aditi Singh,Female,30,Patna,Bihar,East,PROD137,Yoga Mat,Sports,Fitness,752.17,1,15,112.83,639.34,135.81,Net Banking,Delivered
10722,2025-07-04,CUST1126,Prathmesh Sharma,Male,47,Jaipur,Rajasthan,North,PROD142,Wireless Headphones,Electronics,Audio,10083.74,3,5,1512.56,28738.66,7269.73,Net Banking,Delivered
10723,2025-04-13,CUST1023,Pooja Kulkarni,Female,26,Patna,Bihar,East,PROD116,Dumbbell Set,Sports,Fitness,4095.81,3,0,0.0,12287.43,3533.53,UPI,Delivered
10724,2025-10-02,CUST1044,Rohan Khan,Male,30,Kolkata,West Bengal,East,PROD109,Laptop,Electronics,Laptops,45469.81,3,12,16369.13,120040.3,9435.86,Net Banking,Delivered
10725,2026-07-31,CUST1023,Aditi Kulkarni,Female,24,Jaipur,Rajasthan,North,PROD135,Air Fryer,Home & Kitchen,Appliances,6328.57,2,10,1265.71,11391.43,1049.17,Debit Card,Delivered
10726,2025-04-16,CUST1197,Pooja Deshmukh,Female,61,Nagpur,Maharashtra,West,PROD146,Laptop,Electronics,Laptops,46200.04,4,5,9240.01,175560.15,28297.66,UPI,Delivered
10727,2026-05-19,CUST1044,Rahul Patel,Male,20,Delhi,Delhi,North,PROD139,Smartphone,Electronics,Smartphones,26936.16,4,10,10774.46,96970.18,9906.71,Credit Card,Delivered
10728,2025-07-02,CUST1147,Kavya Jadhav,Female,40,Chandigarh,Punjab,North,PROD107,Kurti,Fashion,Women,1678.06,1,20,335.61,1342.45,300.13,Debit Card,Delivered
10729,2026-05-27,CUST1164,Priya Gupta,Female,27,Patna,Bihar,East,PROD125,Dumbbell Set,Sports,Fitness,1210.46,1,12,145.26,1065.2,199.68,Net Banking,Delivered
10730,2026-05-05,CUST1164,Aditya Patel,Male,49,Kolkata,West Bengal,East,PROD128,Office Chair,Furniture,Office Furniture,6702.48,4,5,1340.5,25469.42,5470.09,Net Banking,Delivered
10731,2026-02-28,CUST1253,Meera Khan,Female,52,Chandigarh,Punjab,North,PROD135,Wireless Headphones,Electronics,Audio,8366.52,3,15,3764.93,21334.63,2708.74,Credit Card,Delivered
10732,2026-01-29,CUST1186,Aditya Mehta,Male,18,Patna,Bihar,East,PROD114,Office Chair,Furniture,Office Furniture,12430.81,2,10,2486.16,22375.46,3764.12,UPI,Delivered
10733,2026-01-07,CUST1283,Isha Verma,Female,44,Nagpur,Maharashtra,West,PROD116,Programming Book,Books,Education,1675.91,1,5,83.8,1592.11,539.24,Credit Card,Delivered
10734,2025-08-18,CUST1028,Vivaan Reddy,Male,62,Nagpur,Maharashtra,West,PROD107,Smartphone,Electronics,Smartphones,49310.03,4,0,0.0,197240.12,29141.56,Cash on Delivery,Delivered
10735,2025-03-17,CUST1077,Neha Mehta,Female,29,Nagpur,Maharashtra,West,PROD131,Laptop,Electronics,Laptops,52063.87,1,0,0.0,52063.87,9746.06,Credit Card,Delivered
10736,2026-06-25,CUST1017,Prathmesh Verma,Male,56,Bengaluru,Karnataka,South,PROD149,Yoga Mat,Sports,Fitness,1828.37,1,10,182.84,1645.53,429.65,Credit Card,Delivered
10737,2026-05-31,CUST1117,Rahul Sharma,Male,45,Bengaluru,Karnataka,South,PROD111,Skin Care Kit,Beauty,Personal Care,3355.08,1,10,335.51,3019.57,960.78,Debit Card,Delivered
10738,2025-04-05,CUST1040,Pooja Deshmukh,Female,62,Nagpur,Maharashtra,West,PROD130,Yoga Mat,Sports,Fitness,1552.37,1,5,77.62,1474.75,0.0,Net Banking,Cancelled
10739,2025-11-17,CUST1172,Sneha Deshmukh,Female,19,Nagpur,Maharashtra,West,PROD116,Laptop,Electronics,Laptops,77332.36,3,0,0.0,231997.08,51386.26,Debit Card,Delivered
10740,2025-06-16,CUST1124,Isha Patel,Female,35,Mumbai,Maharashtra,West,PROD106,Power Bank,Electronics,Accessories,2866.96,2,12,688.07,5045.85,650.66,Cash on Delivery,Delivered
10741,2026-08-02,CUST1257,Vivaan Mehta,Male,30,Chennai,Tamil Nadu,South,PROD121,Laptop,Electronics,Laptops,49660.55,1,10,4966.06,44694.49,3661.27,Net Banking,Delivered
10742,2025-12-31,CUST1196,Rohan Reddy,Male,48,Bhubaneswar,Odisha,East,PROD138,Smartphone,Electronics,Smartphones,59515.09,1,10,5951.51,53563.58,2334.58,UPI,Delivered
10743,2025-10-25,CUST1073,Rahul Kulkarni,Male,63,Bhubaneswar,Odisha,East,PROD111,Study Table,Furniture,Living Room,12763.34,1,10,1276.33,11487.01,1676.17,Cash on Delivery,Delivered
10744,2026-06-13,CUST1221,Meera Khan,Female,20,Hyderabad,Telangana,South,PROD146,Programming Book,Books,Education,1026.47,3,10,307.94,2771.47,825.04,Net Banking,Delivered
10745,2025-09-02,CUST1159,Amit Mehta,Male,53,Kolkata,West Bengal,East,PROD106,Smartphone,Electronics,Smartphones,42045.75,4,10,16818.3,151364.7,15733.26,Net Banking,Delivered
10746,2025-04-07,CUST1236,Aditi Joshi,Female,34,Nagpur,Maharashtra,West,PROD131,Programming Book,Books,Education,495.43,1,10,49.54,445.89,140.6,Debit Card,Delivered
10747,2026-03-29,CUST1188,Rohan Patel,Male,50,Kolkata,West Bengal,East,PROD140,Study Table,Furniture,Living Room,16026.05,1,10,1602.61,14423.44,1313.58,Debit Card,Delivered
10748,2026-01-18,CUST1030,Aditya Khan,Male,65,Bengaluru,Karnataka,South,PROD116,Casual Shirt,Fashion,Men,2003.85,2,18,721.39,3286.31,0.0,Cash on Delivery,Cancelled
10749,2025-01-09,CUST1179,Rohan Patel,Male,47,Jaipur,Rajasthan,North,PROD130,Office Chair,Furniture,Office Furniture,8091.72,1,10,809.17,7282.55,853.14,Cash on Delivery,Delivered
10750,2026-04-22,CUST1163,Arjun Patel,Male,39,Nagpur,Maharashtra,West,PROD139,Yoga Mat,Sports,Fitness,2131.23,1,15,319.68,1811.55,382.42,Net Banking,Delivered
10751,2025-08-06,CUST1195,Neha Patel,Female,21,Jaipur,Rajasthan,North,PROD124,Study Table,Furniture,Living Room,6180.38,1,5,309.02,5871.36,1081.24,Net Banking,Delivered
10752,2026-04-30,CUST1036,Amit Sharma,Male,35,Delhi,Delhi,North,PROD126,Skin Care Kit,Beauty,Personal Care,2824.13,1,10,282.41,2541.72,851.97,UPI,Delivered
10753,2025-11-02,CUST1176,Aditi Deshmukh,Female,37,Hyderabad,Telangana,South,PROD111,Power Bank,Electronics,Accessories,1574.56,2,12,377.89,2771.23,382.13,Credit Card,Delivered
10754,2025-12-24,CUST1006,Kavya Verma,Female,53,Chennai,Tamil Nadu,South,PROD139,Casual Shirt,Fashion,Men,857.1,2,10,171.42,1542.78,403.89,Credit Card,Delivered
10755,2025-03-21,CUST1076,Riya Mehta,Female,49,Nagpur,Maharashtra,West,PROD121,Air Fryer,Home & Kitchen,Appliances,10676.28,2,10,2135.26,19217.3,2736.39,UPI,Delivered
10756,2026-02-21,CUST1297,Siddharth Jadhav,Male,24,Patna,Bihar,East,PROD103,Laptop,Electronics,Laptops,92166.19,5,12,55299.71,405531.24,28750.87,Credit Card,Delivered
10757,2025-07-12,CUST1008,Kavya Reddy,Female,41,Hyderabad,Telangana,South,PROD124,Dumbbell Set,Sports,Fitness,3012.27,1,5,150.61,2861.66,540.43,UPI,Delivered
10758,2025-11-06,CUST1268,Prathmesh Jadhav,Male,39,Mumbai,Maharashtra,West,PROD108,Yoga Mat,Sports,Fitness,2198.38,2,10,439.68,3957.08,966.45,Credit Card,Delivered
10759,2026-04-15,CUST1051,Kavya Joshi,Female,23,Nagpur,Maharashtra,West,PROD107,Casual Shirt,Fashion,Men,1468.42,2,15,440.53,2496.31,592.96,UPI,Delivered
10760,2025-01-17,CUST1149,Meera Deshmukh,Female,44,Mumbai,Maharashtra,West,PROD114,Study Table,Furniture,Living Room,12733.56,2,10,2546.71,22920.41,2846.16,Credit Card,Delivered
10761,2026-04-11,CUST1203,Isha Deshmukh,Female,18,Mumbai,Maharashtra,West,PROD124,Power Bank,Electronics,Accessories,3371.43,3,12,1213.71,8900.58,993.92,Credit Card,Delivered
10762,2026-06-04,CUST1213,Prathmesh Gupta,Male,20,Bhubaneswar,Odisha,East,PROD101,Mixer Grinder,Home & Kitchen,Appliances,7435.5,1,10,743.55,6691.95,740.0,UPI,Delivered
10763,2025-06-07,CUST1099,Priya Jadhav,Female,57,Patna,Bihar,East,PROD142,Kurti,Fashion,Women,1091.94,1,15,163.79,928.15,0.0,Net Banking,Cancelled
10764,2025-02-22,CUST1051,Riya Deshmukh,Female,63,Nagpur,Maharashtra,West,PROD109,Running Shoes,Fashion,Footwear,5586.19,1,10,558.62,5027.57,1169.81,Cash on Delivery,Delivered
10765,2025-05-02,CUST1224,Riya Deshmukh,Female,18,Bhubaneswar,Odisha,East,PROD141,Programming Book,Books,Education,1174.07,1,20,234.81,939.26,207.91,Cash on Delivery,Delivered
10766,2025-06-06,CUST1184,Aarav Mehta,Male,29,Patna,Bihar,East,PROD116,Casual Shirt,Fashion,Men,726.04,4,5,145.21,2758.95,817.43,Credit Card,Delivered
10767,2025-11-01,CUST1074,Amit Jadhav,Male,58,Delhi,Delhi,North,PROD102,Yoga Mat,Sports,Fitness,1836.28,3,15,826.33,4682.51,828.89,Cash on Delivery,Delivered
10768,2025-04-16,CUST1186,Arjun Verma,Male,31,Kolkata,West Bengal,East,PROD126,Smartphone,Electronics,Smartphones,26970.54,1,10,2697.05,24273.49,2532.61,UPI,Delivered
10769,2026-05-18,CUST1231,Aarav Deshmukh,Male,28,Mumbai,Maharashtra,West,PROD112,Study Table,Furniture,Living Room,5068.38,4,10,2027.35,18246.17,1701.77,Debit Card,Delivered
10770,2025-01-11,CUST1280,Rahul Khan,Male,18,Kolkata,West Bengal,East,PROD111,Running Shoes,Fashion,Footwear,1963.54,2,16,628.33,3298.75,468.87,Cash on Delivery,Delivered
10771,2025-09-18,CUST1112,Arjun Singh,Male,19,Kolkata,West Bengal,East,PROD121,Laptop,Electronics,Laptops,70899.75,2,12,17015.94,124783.56,13220.9,Credit Card,Delivered
10772,2025-08-14,CUST1151,Aditya Reddy,Male,47,Patna,Bihar,East,PROD148,Wireless Headphones,Electronics,Audio,6556.54,1,15,983.48,5573.06,796.44,Net Banking,Delivered
10773,2026-03-23,CUST1299,Pooja Deshmukh,Female,55,Delhi,Delhi,North,PROD120,Mixer Grinder,Home & Kitchen,Appliances,6184.93,1,10,618.49,5566.44,790.2,Credit Card,Delivered
10774,2025-07-30,CUST1291,Neha Deshmukh,Female,40,Chennai,Tamil Nadu,South,PROD124,Office Chair,Furniture,Office Furniture,6624.25,2,0,0.0,13248.5,2969.89,UPI,Delivered
10775,2026-04-06,CUST1181,Rahul Sharma,Male,43,Hyderabad,Telangana,South,PROD102,Mixer Grinder,Home & Kitchen,Appliances,3902.15,2,10,780.43,7023.87,792.55,UPI,Delivered
10776,2025-07-04,CUST1164,Ananya Deshmukh,Female,62,Nagpur,Maharashtra,West,PROD101,Air Fryer,Home & Kitchen,Appliances,6113.88,1,5,305.69,5808.19,743.89,Debit Card,Delivered
10777,2025-08-07,CUST1143,Aditi Mehta,Female,63,Chandigarh,Punjab,North,PROD139,Programming Book,Books,Education,492.73,1,5,24.64,468.09,151.83,UPI,Delivered
10778,2026-08-11,CUST1216,Kavya Khan,Female,25,Bengaluru,Karnataka,South,PROD108,Air Fryer,Home & Kitchen,Appliances,5986.13,3,11,1975.42,15982.97,0.0,Net Banking,Cancelled
10779,2025-06-25,CUST1146,Meera Joshi,Female,26,Kolkata,West Bengal,East,PROD126,Office Chair,Furniture,Office Furniture,3744.59,1,10,374.46,3370.13,364.89,UPI,Delivered
10780,2026-07-01,CUST1163,Pooja Sharma,Female,40,Chandigarh,Punjab,North,PROD126,Running Shoes,Fashion,Footwear,4243.45,1,16,678.95,3564.5,661.34,UPI,Delivered
10781,2026-07-24,CUST1053,Ananya Verma,Female,19,Kolkata,West Bengal,East,PROD115,Laptop,Electronics,Laptops,79822.85,1,0,0.0,79822.85,13328.9,UPI,Delivered
10782,2025-01-11,CUST1276,Rohan Patel,Male,18,Chandigarh,Punjab,North,PROD145,Skin Care Kit,Beauty,Personal Care,1919.91,2,5,191.99,3647.83,1332.03,UPI,Delivered
10783,2025-09-23,CUST1071,Vivaan Patel,Male,55,Pune,Maharashtra,West,PROD130,Mixer Grinder,Home & Kitchen,Appliances,4110.11,1,10,411.01,3699.1,528.42,UPI,Delivered
10784,2025-05-10,CUST1245,Ananya Kulkarni,Female,60,Kolkata,West Bengal,East,PROD132,Programming Book,Books,Education,1653.67,3,0,0.0,4961.01,1778.41,Debit Card,Delivered
10785,2025-11-26,CUST1106,Neha Singh,Female,62,Mumbai,Maharashtra,West,PROD105,Mixer Grinder,Home & Kitchen,Appliances,6326.01,3,5,948.9,18029.13,2856.52,UPI,Delivered
10786,2026-05-22,CUST1271,Vivaan Singh,Male,50,Pune,Maharashtra,West,PROD121,Running Shoes,Fashion,Footwear,6056.26,1,0,0.0,6056.26,1941.34,Debit Card,Delivered
10787,2026-04-10,CUST1205,Rohan Jadhav,Male,30,Mumbai,Maharashtra,West,PROD105,Programming Book,Books,Education,1683.38,1,15,252.51,1430.87,316.86,Debit Card,Delivered
10788,2026-03-10,CUST1236,Rahul Khan,Male,29,Jaipur,Rajasthan,North,PROD118,Skin Care Kit,Beauty,Personal Care,985.78,2,0,0.0,1971.56,780.28,UPI,Delivered
10789,2026-05-03,CUST1261,Pooja Verma,Female,39,Chandigarh,Punjab,North,PROD104,Mixer Grinder,Home & Kitchen,Appliances,5391.76,1,5,269.59,5122.17,1009.09,Net Banking,Delivered
10790,2025-10-07,CUST1272,Priya Patel,Female,56,Pune,Maharashtra,West,PROD132,Running Shoes,Fashion,Footwear,6625.7,1,5,331.29,6294.41,1766.61,Cash on Delivery,Delivered
10791,2026-03-20,CUST1273,Arjun Khan,Male,24,Pune,Maharashtra,West,PROD118,Running Shoes,Fashion,Footwear,2377.63,1,0,0.0,2377.63,726.99,Credit Card,Delivered
10792,2026-02-19,CUST1148,Sneha Deshmukh,Female,63,Mumbai,Maharashtra,West,PROD139,Power Bank,Electronics,Accessories,3186.77,2,5,318.68,6054.86,1183.47,Debit Card,Delivered
10793,2025-01-04,CUST1086,Arjun Kulkarni,Male,29,Hyderabad,Telangana,South,PROD122,Programming Book,Books,Education,1067.46,2,5,106.75,2028.17,702.47,Net Banking,Delivered
10794,2025-05-26,CUST1005,Aarav Khan,Male,56,Chennai,Tamil Nadu,South,PROD123,Office Chair,Furniture,Office Furniture,5541.42,1,0,0.0,5541.42,1412.04,Net Banking,Delivered
10795,2026-08-21,CUST1086,Aarav Verma,Male,27,Delhi,Delhi,North,PROD150,Study Table,Furniture,Living Room,15464.97,1,10,1546.5,13918.47,1358.66,UPI,Delivered
10796,2025-04-13,CUST1181,Prathmesh Reddy,Male,37,Chandigarh,Punjab,North,PROD146,Study Table,Furniture,Living Room,8910.93,2,10,1782.19,16039.67,2312.3,Debit Card,Delivered
10797,2026-06-15,CUST1073,Meera Verma,Female,40,Mumbai,Maharashtra,West,PROD132,Mixer Grinder,Home & Kitchen,Appliances,6423.65,2,10,1284.73,11562.57,1109.35,UPI,Delivered
10798,2025-09-08,CUST1279,Riya Reddy,Female,46,Patna,Bihar,East,PROD134,Office Chair,Furniture,Office Furniture,12060.2,1,10,1206.02,10854.18,1470.87,Credit Card,Delivered
10799,2025-09-29,CUST1063,Priya Joshi,Female,45,Bengaluru,Karnataka,South,PROD130,Kurti,Fashion,Women,2986.07,1,0,0.0,2986.07,1149.23,Cash on Delivery,Delivered
10800,2025-12-22,CUST1084,Prathmesh Patel,Male,37,Pune,Maharashtra,West,PROD132,Study Table,Furniture,Living Room,6059.84,4,10,2423.94,21815.42,1900.35,Debit Card,Delivered
10801,2025-03-08,CUST1001,Prathmesh Sharma,Male,21,Chennai,Tamil Nadu,South,PROD117,Laptop,Electronics,Laptops,86273.53,1,12,10352.82,75920.71,7473.91,Credit Card,Delivered
10802,2025-12-25,CUST1300,Prathmesh Jadhav,Male,23,Bhubaneswar,Odisha,East,PROD119,Dumbbell Set,Sports,Fitness,5777.69,2,5,577.77,10977.61,2054.27,Credit Card,Delivered
10803,2025-02-02,CUST1160,Neha Joshi,Female,29,Delhi,Delhi,North,PROD137,Dumbbell Set,Sports,Fitness,3053.96,2,0,0.0,6107.92,1433.65,Net Banking,Delivered
10804,2025-11-27,CUST1237,Riya Kulkarni,Female,52,Bhubaneswar,Odisha,East,PROD112,Dumbbell Set,Sports,Fitness,1851.32,1,10,185.13,1666.19,322.9,Net Banking,Delivered
10805,2026-03-24,CUST1216,Arjun Kulkarni,Male,44,Hyderabad,Telangana,South,PROD130,Study Table,Furniture,Living Room,11053.41,2,10,2210.68,19896.14,2526.3,UPI,Delivered
10806,2026-07-27,CUST1279,Aarav Deshmukh,Male,54,Mumbai,Maharashtra,West,PROD119,Dumbbell Set,Sports,Fitness,5552.87,1,12,666.34,4886.53,754.24,UPI,Delivered
10807,2026-02-07,CUST1055,Rohan Deshmukh,Male,39,Bhubaneswar,Odisha,East,PROD139,Laptop,Electronics,Laptops,83149.78,2,0,0.0,166299.56,37076.85,UPI,Delivered
10808,2025-10-25,CUST1105,Riya Verma,Female,51,Patna,Bihar,East,PROD110,Air Fryer,Home & Kitchen,Appliances,5410.82,3,11,1785.57,14446.89,1049.19,Cash on Delivery,Delivered
10809,2026-05-23,CUST1103,Rohan Singh,Male,25,Bhubaneswar,Odisha,East,PROD105,Running Shoes,Fashion,Footwear,3364.64,3,0,0.0,10093.92,2939.82,UPI,Delivered
10810,2025-06-06,CUST1063,Meera Patel,Female,37,Hyderabad,Telangana,South,PROD126,Smartphone,Electronics,Smartphones,17491.17,1,10,1749.12,15742.05,1172.75,Net Banking,Delivered
10811,2025-07-08,CUST1095,Kunal Jadhav,Male,27,Jaipur,Rajasthan,North,PROD148,Skin Care Kit,Beauty,Personal Care,1929.56,2,0,0.0,3859.12,1592.48,Credit Card,Delivered
10812,2025-06-24,CUST1141,Pooja Reddy,Female,43,Patna,Bihar,East,PROD125,Casual Shirt,Fashion,Men,1368.75,1,0,0.0,1368.75,455.65,UPI,Delivered
10813,2026-04-21,CUST1228,Kavya Deshmukh,Female,20,Nagpur,Maharashtra,West,PROD123,Laptop,Electronics,Laptops,51006.32,1,12,6120.76,44885.56,4430.21,Credit Card,Delivered
10814,2026-04-25,CUST1263,Aditi Gupta,Female,22,Pune,Maharashtra,West,PROD112,Wireless Headphones,Electronics,Audio,10486.32,1,10,1048.63,9437.69,1405.99,Credit Card,Delivered
10815,2025-12-27,CUST1035,Riya Joshi,Female,59,Chennai,Tamil Nadu,South,PROD131,Yoga Mat,Sports,Fitness,738.07,3,15,332.13,1882.08,333.28,Net Banking,Delivered
10816,2026-04-29,CUST1298,Meera Khan,Female,40,Nagpur,Maharashtra,West,PROD138,Kurti,Fashion,Women,1866.05,2,10,373.21,3358.89,1156.87,Cash on Delivery,Delivered
10817,2026-02-18,CUST1119,Aditya Sharma,Male,64,Pune,Maharashtra,West,PROD116,Skin Care Kit,Beauty,Personal Care,1348.77,2,15,404.63,2292.91,635.41,UPI,Delivered
10818,2025-06-28,CUST1016,Sneha Deshmukh,Female,29,Mumbai,Maharashtra,West,PROD121,Laptop,Electronics,Laptops,50723.69,2,12,12173.69,89273.69,10532.4,UPI,Delivered
10819,2026-04-06,CUST1223,Sneha Kulkarni,Female,51,Bhubaneswar,Odisha,East,PROD113,Kurti,Fashion,Women,1150.15,2,10,230.03,2070.27,700.71,UPI,Delivered
10820,2026-08-20,CUST1280,Aarav Khan,Male,22,Bhubaneswar,Odisha,East,PROD122,Smartphone,Electronics,Smartphones,54930.47,1,10,5493.05,49437.42,4037.03,Credit Card,Delivered
10821,2026-06-25,CUST1225,Neha Singh,Female,45,Delhi,Delhi,North,PROD141,Kurti,Fashion,Women,1851.96,3,20,1111.18,4444.7,942.16,Net Banking,Delivered
10822,2025-03-14,CUST1115,Riya Patel,Female,36,Nagpur,Maharashtra,West,PROD117,Dumbbell Set,Sports,Fitness,1684.38,2,0,0.0,3368.76,857.01,Net Banking,Delivered
10823,2026-01-02,CUST1030,Aditya Kulkarni,Male,52,Jaipur,Rajasthan,North,PROD145,Smartphone,Electronics,Smartphones,24794.12,2,10,4958.82,44629.42,3111.49,UPI,Delivered
10824,2026-08-20,CUST1169,Neha Gupta,Female,60,Bhubaneswar,Odisha,East,PROD104,Laptop,Electronics,Laptops,66070.28,1,0,0.0,66070.28,14464.14,Credit Card,Delivered
10825,2026-05-21,CUST1042,Aditya Mehta,Male,53,Kolkata,West Bengal,East,PROD131,Yoga Mat,Sports,Fitness,1872.73,3,0,0.0,5618.19,1585.2,Credit Card,Delivered
10826,2025-10-05,CUST1117,Vivaan Patel,Male,19,Pune,Maharashtra,West,PROD104,Study Table,Furniture,Living Room,13104.72,2,10,2620.94,23588.5,2404.17,UPI,Delivered
10827,2025-07-20,CUST1221,Isha Mehta,Female,62,Bengaluru,Karnataka,South,PROD128,Running Shoes,Fashion,Footwear,1894.09,2,15,568.23,3219.95,544.59,Cash on Delivery,Delivered
10828,2025-05-22,CUST1119,Arjun Verma,Male,23,Mumbai,Maharashtra,West,PROD138,Programming Book,Books,Education,1664.97,2,10,332.99,2996.95,877.32,UPI,Delivered
10829,2025-08-21,CUST1030,Kavya Reddy,Female,26,Hyderabad,Telangana,South,PROD129,Kurti,Fashion,Women,2544.06,1,20,508.81,2035.25,517.09,Credit Card,Delivered
10830,2025-10-17,CUST1040,Vivaan Joshi,Male,22,Chandigarh,Punjab,North,PROD117,Kurti,Fashion,Women,1261.76,2,20,504.7,2018.82,492.09,Cash on Delivery,Delivered
10831,2025-07-30,CUST1150,Neha Reddy,Female,59,Patna,Bihar,East,PROD116,Skin Care Kit,Beauty,Personal Care,3262.28,1,10,326.23,2936.05,930.28,Cash on Delivery,Delivered
10832,2025-10-01,CUST1071,Ananya Reddy,Female,51,Hyderabad,Telangana,South,PROD115,Casual Shirt,Fashion,Men,1154.62,1,18,207.83,946.79,208.48,Debit Card,Delivered
10833,2026-07-21,CUST1233,Amit Patel,Male,25,Chandigarh,Punjab,North,PROD102,Yoga Mat,Sports,Fitness,741.33,3,15,333.6,1890.39,329.16,Net Banking,Delivered
10834,2025-02-04,CUST1196,Siddharth Gupta,Male,42,Kolkata,West Bengal,East,PROD129,Office Chair,Furniture,Office Furniture,14598.61,1,10,1459.86,13138.75,2041.58,UPI,Delivered
10835,2025-08-18,CUST1173,Amit Deshmukh,Male,34,Nagpur,Maharashtra,West,PROD149,Running Shoes,Fashion,Footwear,2071.75,1,16,331.48,1740.27,277.47,Cash on Delivery,Delivered
10836,2025-08-10,CUST1056,Aarav Joshi,Male,53,Patna,Bihar,East,PROD125,Skin Care Kit,Beauty,Personal Care,3124.08,2,22,1374.6,4873.56,1036.3,Debit Card,Delivered
10837,2026-07-02,CUST1008,Aditi Deshmukh,Female,35,Kolkata,West Bengal,East,PROD144,Yoga Mat,Sports,Fitness,1382.15,2,15,414.64,2349.66,-109.67,Debit Card,Returned
10838,2025-03-29,CUST1007,Kunal Jadhav,Male,25,Jaipur,Rajasthan,North,PROD120,Air Fryer,Home & Kitchen,Appliances,4789.55,2,10,957.91,8621.19,771.59,Cash on Delivery,Delivered
10839,2025-11-25,CUST1112,Siddharth Kulkarni,Male,44,Chennai,Tamil Nadu,South,PROD104,Study Table,Furniture,Living Room,4124.19,1,10,412.42,3711.77,467.79,Cash on Delivery,Delivered
10840,2025-03-23,CUST1117,Siddharth Mehta,Male,58,Hyderabad,Telangana,South,PROD112,Air Fryer,Home & Kitchen,Appliances,7803.3,4,10,3121.32,28091.88,3434.88,Credit Card,Delivered
10841,2025-02-20,CUST1032,Kunal Patel,Male,63,Bhubaneswar,Odisha,East,PROD117,Laptop,Electronics,Laptops,70335.96,1,10,7033.6,63302.36,8869.62,Debit Card,Delivered
10842,2025-01-17,CUST1105,Priya Jadhav,Female,38,Patna,Bihar,East,PROD137,Laptop,Electronics,Laptops,62486.48,2,12,14996.76,109976.2,12603.16,Debit Card,Delivered
10843,2026-03-02,CUST1192,Aditya Khan,Male,48,Bengaluru,Karnataka,South,PROD119,Programming Book,Books,Education,434.57,1,10,43.46,391.11,117.07,Cash on Delivery,Delivered
10844,2025-02-01,CUST1261,Rahul Joshi,Male,55,Pune,Maharashtra,West,PROD146,Mixer Grinder,Home & Kitchen,Appliances,7488.86,4,10,2995.54,26959.9,3977.29,Debit Card,Delivered
10845,2025-08-09,CUST1115,Sneha Mehta,Female,54,Pune,Maharashtra,West,PROD133,Running Shoes,Fashion,Footwear,3781.67,2,16,1210.13,6353.21,1339.15,Cash on Delivery,Delivered
10846,2026-07-16,CUST1163,Kavya Jadhav,Female,35,Patna,Bihar,East,PROD113,Smartphone,Electronics,Smartphones,39971.09,3,10,11991.33,107921.94,6064.18,Cash on Delivery,Delivered
10847,2025-10-28,CUST1210,Kunal Joshi,Male,41,Delhi,Delhi,North,PROD106,Dumbbell Set,Sports,Fitness,2937.43,3,0,0.0,8812.29,2187.37,Debit Card,Delivered
10848,2026-07-28,CUST1065,Pooja Patel,Female,52,Chandigarh,Punjab,North,PROD116,Running Shoes,Fashion,Footwear,2997.82,2,16,959.3,5036.34,1004.42,Net Banking,Delivered
10849,2026-08-22,CUST1254,Rohan Mehta,Male,58,Jaipur,Rajasthan,North,PROD150,Dumbbell Set,Sports,Fitness,2706.45,1,12,324.77,2381.68,381.37,Credit Card,Delivered
10850,2025-07-04,CUST1018,Aditi Sharma,Female,45,Nagpur,Maharashtra,West,PROD102,Smartphone,Electronics,Smartphones,52572.01,1,10,5257.2,47314.81,2322.19,Credit Card,Delivered
10851,2025-03-16,CUST1173,Rohan Jadhav,Male,39,Hyderabad,Telangana,South,PROD138,Programming Book,Books,Education,991.3,1,20,198.26,793.04,173.35,Cash on Delivery,Delivered
10852,2025-04-21,CUST1245,Vivaan Patel,Male,62,Patna,Bihar,East,PROD109,Programming Book,Books,Education,1028.45,1,15,154.27,874.18,201.23,Credit Card,Delivered
10853,2026-08-27,CUST1261,Pooja Patel,Female,64,Nagpur,Maharashtra,West,PROD138,Programming Book,Books,Education,1230.27,1,15,184.54,1045.73,266.73,Debit Card,Delivered
10854,2025-04-10,CUST1166,Kunal Gupta,Male,42,Chennai,Tamil Nadu,South,PROD121,Air Fryer,Home & Kitchen,Appliances,8382.58,1,11,922.08,7460.5,477.04,Credit Card,Delivered
10855,2025-05-27,CUST1085,Vivaan Reddy,Male,25,Patna,Bihar,East,PROD119,Power Bank,Electronics,Accessories,1623.47,1,12,194.82,1428.65,171.05,Debit Card,Delivered
10856,2026-05-14,CUST1073,Aditi Singh,Female,24,Nagpur,Maharashtra,West,PROD114,Mixer Grinder,Home & Kitchen,Appliances,3704.69,4,0,0.0,14818.76,2688.64,Cash on Delivery,Delivered
10857,2026-06-05,CUST1014,Rahul Sharma,Male,41,Kolkata,West Bengal,East,PROD114,Programming Book,Books,Education,1646.9,1,5,82.34,1564.56,557.66,Debit Card,Delivered
10858,2026-08-08,CUST1062,Kavya Reddy,Female,46,Chennai,Tamil Nadu,South,PROD128,Casual Shirt,Fashion,Men,1326.16,1,18,238.71,1087.45,221.6,Net Banking,Delivered
10859,2025-09-27,CUST1039,Aditya Kulkarni,Male,38,Jaipur,Rajasthan,North,PROD111,Yoga Mat,Sports,Fitness,2146.35,2,15,643.9,3648.8,622.92,Cash on Delivery,Delivered
10860,2025-12-10,CUST1052,Siddharth Verma,Male,63,Bhubaneswar,Odisha,East,PROD134,Yoga Mat,Sports,Fitness,1820.98,2,10,364.2,3277.76,676.62,Debit Card,Delivered
10861,2025-07-14,CUST1101,Isha Khan,Female,34,Bhubaneswar,Odisha,East,PROD131,Laptop,Electronics,Laptops,76364.25,4,12,36654.84,268802.16,24875.13,Credit Card,Delivered
10862,2026-05-12,CUST1002,Rahul Reddy,Male,45,Chennai,Tamil Nadu,South,PROD105,Mixer Grinder,Home & Kitchen,Appliances,5881.68,1,10,588.17,5293.51,507.5,Net Banking,Delivered
10863,2026-07-26,CUST1272,Meera Singh,Female,60,Patna,Bihar,East,PROD112,Wireless Headphones,Electronics,Audio,8723.81,1,15,1308.57,7415.24,1126.74,Debit Card,Delivered
10864,2025-08-26,CUST1148,Prathmesh Khan,Male,44,Chennai,Tamil Nadu,South,PROD129,Study Table,Furniture,Living Room,9490.94,3,10,2847.28,25625.54,3608.36,Debit Card,Delivered
10865,2025-09-11,CUST1248,Kavya Patel,Female,49,Nagpur,Maharashtra,West,PROD139,Study Table,Furniture,Living Room,13248.58,4,10,5299.43,47694.89,5153.86,Net Banking,Delivered
10866,2025-08-29,CUST1163,Aarav Gupta,Male,44,Jaipur,Rajasthan,North,PROD126,Casual Shirt,Fashion,Men,1961.58,1,18,353.08,1608.5,321.41,Net Banking,Delivered
10867,2026-03-12,CUST1294,Sneha Gupta,Female,28,Pune,Maharashtra,West,PROD135,Mixer Grinder,Home & Kitchen,Appliances,3469.9,2,0,0.0,6939.8,1566.92,Credit Card,Delivered
10868,2025-04-23,CUST1181,Meera Mehta,Female,53,Chandigarh,Punjab,North,PROD105,Wireless Headphones,Electronics,Audio,1709.16,2,15,512.75,2905.57,474.83,UPI,Delivered
10869,2026-06-16,CUST1192,Amit Joshi,Male,39,Hyderabad,Telangana,South,PROD127,Power Bank,Electronics,Accessories,3079.19,5,5,769.8,14626.15,2726.72,Credit Card,Delivered
10870,2026-07-21,CUST1145,Kunal Sharma,Male,37,Pune,Maharashtra,West,PROD102,Skin Care Kit,Beauty,Personal Care,3332.99,1,15,499.95,2833.04,810.81,Credit Card,Delivered
10871,2025-09-11,CUST1259,Vivaan Gupta,Male,64,Patna,Bihar,East,PROD146,Smartphone,Electronics,Smartphones,32026.41,3,10,9607.92,86471.31,3368.37,Net Banking,Delivered
10872,2025-01-21,CUST1160,Aarav Reddy,Male,38,Hyderabad,Telangana,South,PROD128,Kurti,Fashion,Women,919.78,4,15,551.87,3127.25,943.17,Cash on Delivery,Delivered
10873,2025-01-24,CUST1209,Prathmesh Gupta,Male,53,Chennai,Tamil Nadu,South,PROD118,Power Bank,Electronics,Accessories,3420.08,1,12,410.41,3009.67,366.05,Net Banking,Delivered
10874,2025-10-19,CUST1232,Isha Jadhav,Female,32,Delhi,Delhi,North,PROD137,Office Chair,Furniture,Office Furniture,9215.9,1,10,921.59,8294.31,1043.78,UPI,Delivered
10875,2026-02-11,CUST1251,Kunal Verma,Male,55,Chandigarh,Punjab,North,PROD116,Study Table,Furniture,Living Room,12999.46,2,0,0.0,25998.92,6269.17,UPI,Delivered
10876,2025-05-25,CUST1173,Sneha Mehta,Female,27,Chennai,Tamil Nadu,South,PROD103,Casual Shirt,Fashion,Men,1506.62,2,15,451.99,2561.25,675.73,Debit Card,Delivered
10877,2026-08-02,CUST1121,Meera Deshmukh,Female,38,Pune,Maharashtra,West,PROD130,Mixer Grinder,Home & Kitchen,Appliances,6579.22,2,10,1315.84,11842.6,1430.56,Net Banking,Delivered
10878,2026-06-11,CUST1063,Isha Reddy,Female,28,Patna,Bihar,East,PROD113,Smartphone,Electronics,Smartphones,34562.21,4,5,6912.44,131336.4,12870.72,Net Banking,Delivered
10879,2025-04-27,CUST1061,Vivaan Deshmukh,Male,45,Chennai,Tamil Nadu,South,PROD119,Wireless Headphones,Electronics,Audio,7008.19,2,15,2102.46,11913.92,1636.76,Debit Card,Delivered
10880,2026-06-20,CUST1191,Ananya Mehta,Female,51,Chandigarh,Punjab,North,PROD139,Kurti,Fashion,Women,1025.49,2,5,102.55,1948.43,661.24,Debit Card,Delivered
10881,2026-04-29,CUST1243,Aditi Singh,Female,18,Chandigarh,Punjab,North,PROD121,Programming Book,Books,Education,1794.66,2,20,717.86,2871.46,643.9,Net Banking,Delivered
10882,2025-07-03,CUST1240,Rohan Verma,Male,56,Mumbai,Maharashtra,West,PROD111,Laptop,Electronics,Laptops,54383.72,1,12,6526.05,47857.67,4098.12,UPI,Delivered
10883,2025-12-25,CUST1207,Isha Singh,Female,34,Chandigarh,Punjab,North,PROD136,Running Shoes,Fashion,Footwear,2801.73,1,15,420.26,2381.47,434.77,Cash on Delivery,Delivered
10884,2025-07-27,CUST1197,Aditya Mehta,Male,39,Nagpur,Maharashtra,West,PROD137,Smartphone,Electronics,Smartphones,26839.23,2,0,0.0,53678.46,10269.07,Cash on Delivery,Delivered
10885,2025-10-11,CUST1076,Meera Khan,Female,27,Chennai,Tamil Nadu,South,PROD111,Power Bank,Electronics,Accessories,2936.75,1,12,352.41,2584.34,356.59,Net Banking,Delivered
10886,2025-01-01,CUST1124,Ananya Patel,Female,53,Pune,Maharashtra,West,PROD126,Wireless Headphones,Electronics,Audio,6116.73,2,10,1223.35,11010.11,2135.68,Net Banking,Delivered
10887,2026-01-30,CUST1143,Neha Joshi,Female,63,Jaipur,Rajasthan,North,PROD110,Skin Care Kit,Beauty,Personal Care,2185.92,2,22,961.8,3410.04,745.5,Net Banking,Delivered
10888,2026-07-28,CUST1188,Aditi Verma,Female,47,Patna,Bihar,East,PROD150,Dumbbell Set,Sports,Fitness,1777.15,1,12,213.26,1563.89,232.78,Debit Card,Delivered
10889,2026-03-11,CUST1185,Amit Mehta,Male,51,Hyderabad,Telangana,South,PROD113,Programming Book,Books,Education,1715.17,5,5,428.79,8147.06,-356.1,UPI,Returned
10890,2026-08-24,CUST1141,Prathmesh Joshi,Male,59,Mumbai,Maharashtra,West,PROD131,Programming Book,Books,Education,755.26,1,20,151.05,604.21,115.94,Net Banking,Delivered
10891,2025-02-14,CUST1252,Siddharth Gupta,Male,29,Bhubaneswar,Odisha,East,PROD131,Laptop,Electronics,Laptops,86166.29,5,12,51699.77,379131.68,-28153.11,Cash on Delivery,Returned
10892,2025-04-17,CUST1062,Vivaan Joshi,Male,21,Pune,Maharashtra,West,PROD129,Kurti,Fashion,Women,1052.34,3,5,157.85,2999.17,1144.67,UPI,Delivered
10893,2025-11-18,CUST1188,Arjun Jadhav,Male,51,Jaipur,Rajasthan,North,PROD101,Skin Care Kit,Beauty,Personal Care,2419.21,1,10,241.92,2177.29,695.58,Net Banking,Delivered
10894,2026-03-03,CUST1102,Vivaan Patel,Male,62,Delhi,Delhi,North,PROD133,Skin Care Kit,Beauty,Personal Care,1113.04,3,5,166.96,3172.16,1208.95,Net Banking,Delivered
10895,2025-06-27,CUST1060,Aarav Gupta,Male,23,Jaipur,Rajasthan,North,PROD112,Casual Shirt,Fashion,Men,1146.32,1,0,0.0,1146.32,407.95,UPI,Delivered
10896,2025-07-10,CUST1127,Ananya Mehta,Female,37,Bhubaneswar,Odisha,East,PROD144,Laptop,Electronics,Laptops,84436.83,3,10,25331.05,227979.44,24121.8,Credit Card,Delivered
10897,2025-05-16,CUST1103,Prathmesh Sharma,Male,29,Bengaluru,Karnataka,South,PROD119,Yoga Mat,Sports,Fitness,974.24,1,15,146.14,828.1,173.18,Debit Card,Delivered
10898,2026-03-27,CUST1088,Siddharth Patel,Male,20,Chennai,Tamil Nadu,South,PROD138,Air Fryer,Home & Kitchen,Appliances,7116.44,2,11,1565.62,12667.26,825.26,Net Banking,Delivered
10899,2025-06-09,CUST1258,Isha Mehta,Female,53,Delhi,Delhi,North,PROD148,Yoga Mat,Sports,Fitness,1598.21,1,10,159.82,1438.39,365.88,Debit Card,Delivered
10900,2025-04-03,CUST1166,Pooja Singh,Female,41,Jaipur,Rajasthan,North,PROD137,Power Bank,Electronics,Accessories,981.76,2,5,98.18,1865.34,321.59,Net Banking,Delivered
10901,2026-08-26,CUST1052,Vivaan Joshi,Male,29,Patna,Bihar,East,PROD123,Smartphone,Electronics,Smartphones,58074.44,2,10,11614.89,104533.99,7506.07,Debit Card,Delivered
10902,2025-06-16,CUST1243,Aditi Jadhav,Female,33,Nagpur,Maharashtra,West,PROD117,Dumbbell Set,Sports,Fitness,5084.26,1,12,610.11,4474.15,651.4,Debit Card,Delivered
10903,2025-12-12,CUST1138,Neha Khan,Female,54,Bengaluru,Karnataka,South,PROD126,Mixer Grinder,Home & Kitchen,Appliances,7588.14,1,10,758.81,6829.33,1064.12,Cash on Delivery,Delivered
10904,2025-01-30,CUST1072,Rahul Jadhav,Male,26,Nagpur,Maharashtra,West,PROD143,Programming Book,Books,Education,1235.59,1,20,247.12,988.47,0.0,Debit Card,Cancelled
10905,2025-02-25,CUST1158,Aditya Gupta,Male,23,Nagpur,Maharashtra,West,PROD112,Dumbbell Set,Sports,Fitness,3100.77,1,5,155.04,2945.73,717.74,Credit Card,Delivered
10906,2025-07-28,CUST1052,Kavya Patel,Female,48,Patna,Bihar,East,PROD136,Power Bank,Electronics,Accessories,2343.91,1,12,281.27,2062.64,299.19,Net Banking,Delivered
10907,2025-08-06,CUST1069,Neha Khan,Female,43,Bengaluru,Karnataka,South,PROD150,Skin Care Kit,Beauty,Personal Care,1379.68,2,22,607.06,2152.3,538.27,Debit Card,Delivered
10908,2025-10-17,CUST1092,Kavya Mehta,Female,33,Bengaluru,Karnataka,South,PROD124,Casual Shirt,Fashion,Men,1381.29,1,18,248.63,1132.66,286.52,Debit Card,Delivered
10909,2025-12-15,CUST1155,Pooja Sharma,Female,45,Kolkata,West Bengal,East,PROD106,Kurti,Fashion,Women,2803.55,3,5,420.53,7990.12,2853.76,Debit Card,Delivered
10910,2026-01-29,CUST1084,Rahul Deshmukh,Male,43,Nagpur,Maharashtra,West,PROD144,Mixer Grinder,Home & Kitchen,Appliances,6116.58,1,10,611.66,5504.92,483.13,Cash on Delivery,Delivered
10911,2025-04-19,CUST1260,Aditi Patel,Female,42,Chandigarh,Punjab,North,PROD144,Running Shoes,Fashion,Footwear,5210.52,2,0,0.0,10421.04,3458.37,Net Banking,Delivered
10912,2025-01-12,CUST1231,Neha Khan,Female,50,Bhubaneswar,Odisha,East,PROD124,Office Chair,Furniture,Office Furniture,4126.88,1,0,0.0,4126.88,926.17,Net Banking,Delivered
10913,2025-12-10,CUST1004,Isha Joshi,Female,39,Mumbai,Maharashtra,West,PROD146,Dumbbell Set,Sports,Fitness,3235.51,1,12,388.26,2847.25,376.14,Cash on Delivery,Delivered
10914,2025-09-22,CUST1188,Amit Jadhav,Male,21,Kolkata,West Bengal,East,PROD139,Yoga Mat,Sports,Fitness,1239.31,3,0,0.0,3717.93,1243.06,Debit Card,Delivered
10915,2025-09-16,CUST1167,Kavya Joshi,Female,37,Bhubaneswar,Odisha,East,PROD141,Mixer Grinder,Home & Kitchen,Appliances,2336.48,3,10,700.94,6308.5,857.29,UPI,Delivered
10916,2025-04-25,CUST1253,Priya Reddy,Female,45,Pune,Maharashtra,West,PROD118,Casual Shirt,Fashion,Men,997.8,2,0,0.0,1995.6,761.57,Debit Card,Delivered
10917,2026-04-15,CUST1052,Meera Singh,Female,42,Patna,Bihar,East,PROD133,Skin Care Kit,Beauty,Personal Care,1983.57,2,10,396.71,3570.43,1324.76,UPI,Delivered
10918,2025-12-12,CUST1060,Prathmesh Deshmukh,Male,30,Bengaluru,Karnataka,South,PROD137,Laptop,Electronics,Laptops,82338.35,1,0,0.0,82338.35,13786.75,Debit Card,Delivered
10919,2025-11-07,CUST1224,Meera Jadhav,Female,35,Hyderabad,Telangana,South,PROD148,Skin Care Kit,Beauty,Personal Care,2643.92,3,20,1586.35,6345.41,1669.34,Credit Card,Delivered
10920,2025-10-11,CUST1213,Pooja Khan,Female,60,Pune,Maharashtra,West,PROD109,Kurti,Fashion,Women,1116.9,1,0,0.0,1116.9,440.59,Debit Card,Delivered
10921,2025-10-01,CUST1236,Aditi Mehta,Female,55,Bhubaneswar,Odisha,East,PROD127,Air Fryer,Home & Kitchen,Appliances,6186.19,1,5,309.31,5876.88,1079.47,Cash on Delivery,Delivered
10922,2025-12-03,CUST1256,Isha Deshmukh,Female,31,Chennai,Tamil Nadu,South,PROD135,Programming Book,Books,Education,880.13,2,15,264.04,1496.22,405.07,Credit Card,Delivered
10923,2026-02-04,CUST1272,Siddharth Deshmukh,Male,41,Pune,Maharashtra,West,PROD120,Running Shoes,Fashion,Footwear,6832.16,3,16,3279.44,17217.04,2458.52,Debit Card,Delivered
10924,2025-11-19,CUST1146,Aditi Khan,Female,53,Chennai,Tamil Nadu,South,PROD148,Laptop,Electronics,Laptops,74246.84,1,12,8909.62,65337.22,-2067.18,Net Banking,Returned
10925,2025-08-29,CUST1149,Sneha Jadhav,Female,29,Nagpur,Maharashtra,West,PROD111,Office Chair,Furniture,Office Furniture,13271.18,2,5,1327.12,25215.24,5360.66,Net Banking,Delivered
10926,2026-07-18,CUST1163,Kavya Joshi,Female,50,Delhi,Delhi,North,PROD135,Office Chair,Furniture,Office Furniture,6707.12,4,10,2682.85,24145.63,3287.95,Cash on Delivery,Delivered
10927,2026-02-06,CUST1172,Kunal Deshmukh,Male,47,Chennai,Tamil Nadu,South,PROD142,Dumbbell Set,Sports,Fitness,5165.46,2,5,516.55,9814.37,2252.1,Credit Card,Delivered
10928,2025-04-11,CUST1258,Sneha Mehta,Female,23,Bhubaneswar,Odisha,East,PROD139,Office Chair,Furniture,Office Furniture,8218.38,5,10,4109.19,36982.71,6207.41,Cash on Delivery,Delivered
10929,2026-02-23,CUST1200,Aarav Joshi,Male,53,Kolkata,West Bengal,East,PROD133,Power Bank,Electronics,Accessories,2526.29,1,10,252.63,2273.66,369.76,Credit Card,Delivered
10930,2025-06-15,CUST1016,Aditi Joshi,Female,31,Patna,Bihar,East,PROD137,Skin Care Kit,Beauty,Personal Care,2022.07,1,5,101.1,1920.97,745.28,Net Banking,Delivered
10931,2026-04-16,CUST1170,Kunal Khan,Male,28,Kolkata,West Bengal,East,PROD116,Study Table,Furniture,Living Room,15154.55,5,10,7577.27,68195.48,8485.38,Net Banking,Delivered
10932,2025-03-13,CUST1214,Aarav Reddy,Male,34,Pune,Maharashtra,West,PROD146,Running Shoes,Fashion,Footwear,6308.73,2,16,2018.79,10598.67,1611.04,Cash on Delivery,Delivered
10933,2025-05-04,CUST1021,Meera Khan,Female,41,Hyderabad,Telangana,South,PROD126,Yoga Mat,Sports,Fitness,1317.37,1,10,131.74,1185.63,251.44,Cash on Delivery,Delivered
10934,2026-03-27,CUST1174,Kavya Patel,Female,27,Mumbai,Maharashtra,West,PROD116,Wireless Headphones,Electronics,Audio,9458.37,3,0,0.0,28375.11,6987.81,Net Banking,Delivered
10935,2025-08-04,CUST1228,Siddharth Patel,Male,39,Chandigarh,Punjab,North,PROD129,Running Shoes,Fashion,Footwear,4182.86,2,5,418.29,7947.43,2043.83,Debit Card,Delivered
10936,2026-08-05,CUST1158,Siddharth Mehta,Male,63,Pune,Maharashtra,West,PROD111,Dumbbell Set,Sports,Fitness,3704.54,1,10,370.45,3334.09,581.47,Cash on Delivery,Delivered
10937,2025-11-09,CUST1132,Neha Reddy,Female,58,Chennai,Tamil Nadu,South,PROD115,Running Shoes,Fashion,Footwear,5667.41,1,5,283.37,5384.04,1438.0,UPI,Delivered
10938,2025-08-05,CUST1088,Riya Gupta,Female,40,Nagpur,Maharashtra,West,PROD142,Kurti,Fashion,Women,1537.57,1,20,307.51,1230.06,299.14,Credit Card,Delivered
10939,2026-08-25,CUST1195,Pooja Joshi,Female,18,Hyderabad,Telangana,South,PROD143,Air Fryer,Home & Kitchen,Appliances,11445.62,1,11,1259.02,10186.6,957.13,UPI,Delivered
10940,2025-12-17,CUST1236,Kunal Gupta,Male,54,Delhi,Delhi,North,PROD141,Power Bank,Electronics,Accessories,2482.47,1,0,0.0,2482.47,499.47,UPI,Delivered
10941,2026-06-21,CUST1274,Kunal Reddy,Male,65,Delhi,Delhi,North,PROD135,Air Fryer,Home & Kitchen,Appliances,7488.68,2,10,1497.74,13479.62,1374.21,UPI,Delivered
10942,2025-02-27,CUST1091,Aditi Mehta,Female,20,Hyderabad,Telangana,South,PROD139,Power Bank,Electronics,Accessories,2972.9,1,5,148.65,2824.25,539.75,Debit Card,Delivered
10943,2026-07-20,CUST1107,Siddharth Patel,Male,32,Patna,Bihar,East,PROD116,Power Bank,Electronics,Accessories,3285.41,2,12,788.5,5782.32,778.35,Cash on Delivery,Delivered
10944,2026-08-19,CUST1227,Neha Verma,Female,23,Mumbai,Maharashtra,West,PROD131,Casual Shirt,Fashion,Men,681.73,3,18,368.13,1677.06,418.71,Credit Card,Delivered
10945,2025-04-13,CUST1100,Isha Mehta,Female,55,Delhi,Delhi,North,PROD141,Kurti,Fashion,Women,2009.46,2,0,0.0,4018.92,1515.23,Cash on Delivery,Delivered
10946,2026-04-13,CUST1154,Aarav Gupta,Male,34,Bengaluru,Karnataka,South,PROD135,Kurti,Fashion,Women,2151.59,1,15,322.74,1828.85,513.17,Credit Card,Delivered
10947,2025-12-16,CUST1164,Siddharth Khan,Male,50,Hyderabad,Telangana,South,PROD131,Casual Shirt,Fashion,Men,1304.07,1,18,234.73,1069.34,200.41,Net Banking,Delivered
10948,2025-06-17,CUST1056,Rahul Patel,Male,32,Bengaluru,Karnataka,South,PROD114,Running Shoes,Fashion,Footwear,6611.54,1,16,1057.85,5553.69,860.68,Debit Card,Delivered
10949,2026-05-29,CUST1099,Prathmesh Joshi,Male,43,Hyderabad,Telangana,South,PROD111,Study Table,Furniture,Living Room,8200.86,1,10,820.09,7380.77,817.0,Credit Card,Delivered
10950,2025-06-10,CUST1156,Ananya Jadhav,Female,41,Chennai,Tamil Nadu,South,PROD110,Running Shoes,Fashion,Footwear,3967.93,2,5,396.79,7539.07,1850.89,Debit Card,Delivered
10951,2025-12-08,CUST1029,Priya Reddy,Female,44,Chandigarh,Punjab,North,PROD123,Study Table,Furniture,Living Room,11886.01,1,10,1188.6,10697.41,1754.28,Credit Card,Delivered
10952,2026-04-13,CUST1196,Siddharth Sharma,Male,38,Patna,Bihar,East,PROD136,Power Bank,Electronics,Accessories,2763.35,1,10,276.33,2487.02,404.27,Cash on Delivery,Delivered
10953,2025-07-24,CUST1241,Amit Mehta,Male,20,Hyderabad,Telangana,South,PROD150,Study Table,Furniture,Living Room,5495.68,3,10,1648.7,14838.34,1582.02,Net Banking,Delivered
10954,2026-05-14,CUST1146,Kunal Gupta,Male,25,Kolkata,West Bengal,East,PROD131,Kurti,Fashion,Women,933.31,1,10,93.33,839.98,268.03,Credit Card,Delivered
10955,2025-03-17,CUST1168,Ananya Reddy,Female,54,Bengaluru,Karnataka,South,PROD135,Skin Care Kit,Beauty,Personal Care,1121.17,1,5,56.06,1065.11,398.75,Debit Card,Delivered
10956,2026-07-25,CUST1185,Pooja Gupta,Female,46,Patna,Bihar,East,PROD148,Laptop,Electronics,Laptops,83495.29,1,12,10019.43,73475.86,4808.94,Credit Card,Delivered
10957,2025-07-08,CUST1012,Ananya Verma,Female,26,Delhi,Delhi,North,PROD108,Study Table,Furniture,Living Room,6785.79,1,10,678.58,6107.21,877.74,Net Banking,Delivered
10958,2026-03-14,CUST1168,Sneha Verma,Female,52,Pune,Maharashtra,West,PROD132,Skin Care Kit,Beauty,Personal Care,3256.35,2,0,0.0,6512.7,-632.94,Debit Card,Returned
10959,2026-08-12,CUST1045,Ananya Khan,Female,54,Mumbai,Maharashtra,West,PROD130,Yoga Mat,Sports,Fitness,656.64,1,0,0.0,656.64,202.57,Cash on Delivery,Delivered
10960,2025-07-15,CUST1038,Aditya Khan,Male,29,Bengaluru,Karnataka,South,PROD142,Skin Care Kit,Beauty,Personal Care,1963.61,1,22,431.99,1531.62,345.79,Cash on Delivery,Delivered
10961,2025-12-14,CUST1200,Aditi Jadhav,Female,19,Patna,Bihar,East,PROD101,Yoga Mat,Sports,Fitness,1235.08,3,15,555.79,3149.45,642.82,Credit Card,Delivered
10962,2025-11-27,CUST1295,Kavya Kulkarni,Female,40,Jaipur,Rajasthan,North,PROD146,Skin Care Kit,Beauty,Personal Care,2588.71,1,15,388.31,2200.4,649.0,Cash on Delivery,Delivered
10963,2025-06-06,CUST1036,Amit Kulkarni,Male,38,Delhi,Delhi,North,PROD121,Mixer Grinder,Home & Kitchen,Appliances,2352.1,1,0,0.0,2352.1,451.32,Credit Card,Delivered
10964,2025-08-02,CUST1226,Amit Gupta,Male,25,Nagpur,Maharashtra,West,PROD125,Office Chair,Furniture,Office Furniture,6179.26,5,10,3089.63,27806.67,3478.35,UPI,Delivered
10965,2026-03-31,CUST1090,Amit Deshmukh,Male,50,Pune,Maharashtra,West,PROD138,Study Table,Furniture,Living Room,6780.93,1,10,678.09,6102.84,715.42,Cash on Delivery,Delivered
10966,2025-05-05,CUST1047,Rahul Singh,Male,50,Mumbai,Maharashtra,West,PROD124,Study Table,Furniture,Living Room,9017.46,2,10,1803.49,16231.43,2130.12,Net Banking,Delivered
10967,2025-09-19,CUST1034,Pooja Patel,Female,45,Chennai,Tamil Nadu,South,PROD142,Laptop,Electronics,Laptops,85170.58,1,0,0.0,85170.58,17291.72,Debit Card,Delivered
10968,2025-08-23,CUST1166,Aditya Khan,Male,20,Bhubaneswar,Odisha,East,PROD110,Dumbbell Set,Sports,Fitness,3462.54,1,12,415.5,3047.04,541.74,Credit Card,Delivered
10969,2025-07-01,CUST1151,Riya Sharma,Female,41,Nagpur,Maharashtra,West,PROD140,Casual Shirt,Fashion,Men,1712.11,1,18,308.18,1403.93,351.7,Net Banking,Delivered
10970,2025-06-11,CUST1057,Kavya Kulkarni,Female,28,Nagpur,Maharashtra,West,PROD102,Programming Book,Books,Education,611.93,2,20,244.77,979.09,183.44,Net Banking,Delivered
10971,2025-07-28,CUST1018,Prathmesh Deshmukh,Male,65,Bhubaneswar,Odisha,East,PROD110,Air Fryer,Home & Kitchen,Appliances,6488.86,4,0,0.0,25955.44,5313.84,Net Banking,Delivered
10972,2025-02-17,CUST1058,Isha Deshmukh,Female,48,Kolkata,West Bengal,East,PROD130,Yoga Mat,Sports,Fitness,768.89,2,5,76.89,1460.89,0.0,Net Banking,Cancelled
10973,2026-07-04,CUST1188,Aditi Kulkarni,Female,57,Kolkata,West Bengal,East,PROD143,Dumbbell Set,Sports,Fitness,2694.87,2,10,538.97,4850.77,1004.36,UPI,Delivered
10974,2026-05-05,CUST1049,Neha Reddy,Female,63,Kolkata,West Bengal,East,PROD126,Power Bank,Electronics,Accessories,2238.31,1,12,268.6,1969.71,263.52,Debit Card,Delivered
10975,2025-04-18,CUST1296,Kunal Singh,Male,35,Jaipur,Rajasthan,North,PROD149,Wireless Headphones,Electronics,Audio,4661.64,2,15,1398.49,7924.79,931.27,Credit Card,Delivered
10976,2025-12-02,CUST1094,Kavya Joshi,Female,18,Bhubaneswar,Odisha,East,PROD110,Wireless Headphones,Electronics,Audio,11313.56,2,15,3394.07,19233.05,2315.84,UPI,Delivered
10977,2025-09-01,CUST1135,Rahul Deshmukh,Male,52,Chandigarh,Punjab,North,PROD129,Laptop,Electronics,Laptops,69192.24,2,12,16606.14,121778.34,-7516.59,UPI,Returned
10978,2025-10-14,CUST1050,Pooja Joshi,Female,60,Chandigarh,Punjab,North,PROD122,Programming Book,Books,Education,877.38,1,20,175.48,701.9,126.2,Cash on Delivery,Delivered
10979,2025-09-27,CUST1152,Aditya Joshi,Male,26,Bengaluru,Karnataka,South,PROD123,Running Shoes,Fashion,Footwear,4625.26,1,15,693.79,3931.47,646.17,Debit Card,Delivered
10980,2026-04-09,CUST1073,Kavya Jadhav,Female,61,Mumbai,Maharashtra,West,PROD115,Skin Care Kit,Beauty,Personal Care,1211.31,5,22,1332.44,4724.11,1018.57,UPI,Delivered
10981,2025-07-23,CUST1272,Priya Jadhav,Female,28,Kolkata,West Bengal,East,PROD124,Dumbbell Set,Sports,Fitness,5327.65,1,12,639.32,4688.33,801.92,Credit Card,Delivered
10982,2025-04-13,CUST1218,Rahul Khan,Male,30,Bhubaneswar,Odisha,East,PROD118,Skin Care Kit,Beauty,Personal Care,3061.07,2,22,1346.87,4775.27,1272.12,UPI,Delivered
10983,2026-02-15,CUST1285,Prathmesh Deshmukh,Male,60,Hyderabad,Telangana,South,PROD120,Office Chair,Furniture,Office Furniture,8882.05,3,10,2664.61,23981.54,4443.92,Credit Card,Delivered
10984,2025-03-10,CUST1201,Vivaan Deshmukh,Male,28,Nagpur,Maharashtra,West,PROD142,Wireless Headphones,Electronics,Audio,3182.66,2,15,954.8,5410.52,0.0,Net Banking,Cancelled
10985,2026-02-05,CUST1300,Riya Singh,Female,61,Delhi,Delhi,North,PROD110,Skin Care Kit,Beauty,Personal Care,1333.65,1,22,293.4,1040.25,277.96,Credit Card,Delivered
10986,2026-03-31,CUST1242,Rohan Khan,Male,32,Jaipur,Rajasthan,North,PROD143,Dumbbell Set,Sports,Fitness,4256.43,1,12,510.77,3745.66,715.4,Net Banking,Delivered
10987,2025-11-02,CUST1140,Arjun Jadhav,Male,20,Patna,Bihar,East,PROD125,Kurti,Fashion,Women,861.93,2,20,344.77,1379.09,286.84,Debit Card,Delivered
10988,2025-04-26,CUST1053,Aditi Deshmukh,Female,23,Kolkata,West Bengal,East,PROD147,Wireless Headphones,Electronics,Audio,8760.09,3,15,3942.04,22338.23,2465.19,Cash on Delivery,Delivered
10989,2026-01-07,CUST1142,Kunal Khan,Male,34,Chennai,Tamil Nadu,South,PROD141,Skin Care Kit,Beauty,Personal Care,1910.94,2,0,0.0,3821.88,1487.79,Cash on Delivery,Delivered
10990,2025-12-03,CUST1223,Kavya Khan,Female,60,Jaipur,Rajasthan,North,PROD118,Air Fryer,Home & Kitchen,Appliances,5258.48,1,11,578.43,4680.05,532.61,UPI,Delivered
10991,2026-05-15,CUST1051,Isha Mehta,Female,54,Kolkata,West Bengal,East,PROD107,Office Chair,Furniture,Office Furniture,13509.52,2,0,0.0,27019.04,6067.48,UPI,Delivered
10992,2025-09-02,CUST1236,Priya Mehta,Female,54,Bhubaneswar,Odisha,East,PROD134,Yoga Mat,Sports,Fitness,1217.11,4,0,0.0,4868.44,1558.48,UPI,Delivered
10993,2026-02-13,CUST1015,Kavya Khan,Female,64,Pune,Maharashtra,West,PROD130,Power Bank,Electronics,Accessories,962.78,2,12,231.07,1694.49,232.77,Debit Card,Delivered
10994,2026-01-03,CUST1286,Priya Joshi,Female,53,Delhi,Delhi,North,PROD142,Mixer Grinder,Home & Kitchen,Appliances,2477.23,1,10,247.72,2229.51,229.54,Debit Card,Delivered
10995,2026-02-15,CUST1047,Priya Kulkarni,Female,58,Chennai,Tamil Nadu,South,PROD126,Skin Care Kit,Beauty,Personal Care,1685.05,1,5,84.25,1600.8,621.63,Debit Card,Delivered
10996,2026-05-25,CUST1087,Rahul Deshmukh,Male,38,Delhi,Delhi,North,PROD102,Mixer Grinder,Home & Kitchen,Appliances,5015.56,3,10,1504.67,13542.01,1256.45,UPI,Delivered
10997,2025-07-14,CUST1102,Riya Gupta,Female,23,Hyderabad,Telangana,South,PROD106,Yoga Mat,Sports,Fitness,1003.55,2,5,100.36,1906.74,535.75,Cash on Delivery,Delivered
10998,2026-02-19,CUST1151,Siddharth Kulkarni,Male,57,Patna,Bihar,East,PROD137,Air Fryer,Home & Kitchen,Appliances,7475.68,2,11,1644.65,13306.71,1667.86,UPI,Delivered
10999,2025-11-28,CUST1113,Kunal Verma,Male,33,Pune,Maharashtra,West,PROD115,Power Bank,Electronics,Accessories,2635.56,2,12,632.53,4638.59,589.52,Net Banking,Delivered
11000,2025-08-10,CUST1291,Rohan Sharma,Male,30,Jaipur,Rajasthan,North,PROD127,Power Bank,Electronics,Accessories,3129.58,4,12,1502.2,11016.12,1228.72,Credit Card,Delivered
